dept_year,course_id,new_dept,new_year
中國文學系不分類,11001CL0126-*,中國文學系,不分類
中國文學系不分類,11002CL0127-A,中國文學系,不分類
中國文學系不分類,11003CL0127-B,中國文學系,不分類
中國文學系不分類,11004CL0127-C,中國文學系,不分類
中國文學系不分類,11005CL0128-*,中國文學系,不分類
中國文學系不分類,11006CL0131-*,中國文學系,不分類
中國文學系不分類,11007CL0132-*,中國文學系,不分類
中國文學系不分類,11008CL0133-*,中國文學系,不分類
中國文學系不分類,11009CL0134-*,中國文學系,不分類
中國文學系不分類,11010CL0137-*,中國文學系,不分類
中國文學系不分類,11011CL0139-*,中國文學系,不分類
中國文學系不分類,11012CL0143-*,中國文學系,不分類
中國文學系不分類,11013CL0144-*,中國文學系,不分類
中國文學系不分類,11014CL0148-*,中國文學系,不分類
中國文學系不分類,11015CL0149-*,中國文學系,不分類
中國文學系不分類,11016CL0151-*,中國文學系,不分類
中國文學系不分類,11017CL0201-A,中國文學系,不分類
中國文學系不分類,11018CL0201-B,中國文學系,不分類
中國文學系不分類,11019CL0201-C,中國文學系,不分類
中國文學系不分類,11020CL0201-D,中國文學系,不分類
中國文學系不分類,11021CL0201-E,中國文學系,不分類
中國文學系不分類,11022CL0201-F,中國文學系,不分類
中國文學系不分類,11023CL0201-G,中國文學系,不分類
中國文學系不分類,11024CL0201-H,中國文學系,不分類
中國文學系不分類,11025CL0201-I,中國文學系,不分類
中國文學系不分類,11026CL0201-J,中國文學系,不分類
中國文學系不分類,11027CL0201-K,中國文學系,不分類
中國文學系不分類,11028CL0201-L,中國文學系,不分類
中國文學系不分類,11029CL0201-M,中國文學系,不分類
中國文學系不分類,11030CL0201-N,中國文學系,不分類
中國文學系不分類,11031CL0201-O,中國文學系,不分類
中國文學系不分類,11032CL0201-P,中國文學系,不分類
中國文學系不分類,11033CL0201-Q,中國文學系,不分類
中國文學系不分類,11034CL0201-R,中國文學系,不分類
中國文學系不分類,11035CL0201-S,中國文學系,不分類
中國文學系不分類,11036CL0201-T,中國文學系,不分類
中國文學系不分類,11037CL0201-U,中國文學系,不分類
中國文學系不分類,11038CL0201-V,中國文學系,不分類
中國文學系不分類,11039CL0201-W,中國文學系,不分類
中國文學系不分類,11040CL0201-X,中國文學系,不分類
中國文學系不分類,11041CL0201-Y,中國文學系,不分類
中國文學系不分類,11042CL0201-Z,中國文學系,不分類
中國文學系不分類,11043CL1004-*,中國文學系,不分類
中國文學系不分類,11044CL1006-*,中國文學系,不分類
中國文學系不分類,11045CL1026-*,中國文學系,不分類
中國文學系不分類,11046CL1064-*,中國文學系,不分類
中國文學系不分類,11047CL1107-*,中國文學系,不分類
中國文學系不分類,11048CL2002-*,中國文學系,不分類
中國文學系不分類,11049CL2004-*,中國文學系,不分類
中國文學系不分類,11050CL2006-*,中國文學系,不分類
中國文學系一年級,00080LN1008-A,中國文學系,一年級
中國文學系一年級,00081LN1008-B,中國文學系,一年級
中國文學系一年級,00082LN1008-C,中國文學系,一年級
中國文學系一年級,01010PE1022-J,中國文學系,一年級
中國文學系一年級,08026SC0004-1,中國文學系,一年級
中國文學系一年級,11017CL0201-A,中國文學系,一年級
中國文學系一年級,11018CL0201-B,中國文學系,一年級
中國文學系一年級,11043CL1004-*,中國文學系,一年級
中國文學系一年級,11044CL1006-*,中國文學系,一年級
中國文學系一年級,11045CL1026-*,中國文學系,一年級
中國文學系一年級,11046CL1064-*,中國文學系,一年級
中國文學系一年級,11053CL2046-*,中國文學系,一年級
中國文學系一年級,11054CL2069-*,中國文學系,一年級
中國文學系一年級,11056CL3077-*,中國文學系,一年級
中國文學系一年級,11057CL3083-*,中國文學系,一年級
中國文學系一年級,11058CL3143-*,中國文學系,一年級
中國文學系一年級,11059CL3144-*,中國文學系,一年級
中國文學系一年級,11066CL4065-*,中國文學系,一年級
中國文學系一年級,11067CL4090-*,中國文學系,一年級
中國文學系一年級,11068CL4096-*,中國文學系,一年級
中國文學系二年級,11048CL2002-*,中國文學系,二年級
中國文學系二年級,11049CL2004-*,中國文學系,二年級
中國文學系二年級,11050CL2006-*,中國文學系,二年級
中國文學系二年級,11051CL2008-*,中國文學系,二年級
中國文學系二年級,11052CL2043-*,中國文學系,二年級
中國文學系二年級,11053CL2046-*,中國文學系,二年級
中國文學系二年級,11054CL2069-*,中國文學系,二年級
中國文學系二年級,11056CL3077-*,中國文學系,二年級
中國文學系二年級,11057CL3083-*,中國文學系,二年級
中國文學系二年級,11058CL3143-*,中國文學系,二年級
中國文學系二年級,11059CL3144-*,中國文學系,二年級
中國文學系二年級,11066CL4065-*,中國文學系,二年級
中國文學系二年級,11067CL4090-*,中國文學系,二年級
中國文學系二年級,11068CL4096-*,中國文學系,二年級
中國文學系三年級,11048CL2002-*,中國文學系,三年級
中國文學系三年級,11049CL2004-*,中國文學系,三年級
中國文學系三年級,11050CL2006-*,中國文學系,三年級
中國文學系三年級,11051CL2008-*,中國文學系,三年級
中國文學系三年級,11053CL2046-*,中國文學系,三年級
中國文學系三年級,11054CL2069-*,中國文學系,三年級
中國文學系三年級,11055CL3066-*,中國文學系,三年級
中國文學系三年級,11056CL3077-*,中國文學系,三年級
中國文學系三年級,11057CL3083-*,中國文學系,三年級
中國文學系三年級,11058CL3143-*,中國文學系,三年級
中國文學系三年級,11059CL3144-*,中國文學系,三年級
中國文學系三年級,11060CL3160-*,中國文學系,三年級
中國文學系三年級,11062CL3163-*,中國文學系,三年級
中國文學系三年級,11063CL3165-*,中國文學系,三年級
中國文學系三年級,11065CL4004-*,中國文學系,三年級
中國文學系三年級,11066CL4065-*,中國文學系,三年級
中國文學系三年級,11067CL4090-*,中國文學系,三年級
中國文學系三年級,11068CL4096-*,中國文學系,三年級
中國文學系三年級,11069CL4104-*,中國文學系,三年級
中國文學系三年級,11070CL6116-*,中國文學系,三年級
中國文學系三年級,11085CL6124-*,中國文學系,三年級
中國文學系四年級,11048CL2002-*,中國文學系,四年級
中國文學系四年級,11049CL2004-*,中國文學系,四年級
中國文學系四年級,11050CL2006-*,中國文學系,四年級
中國文學系四年級,11051CL2008-*,中國文學系,四年級
中國文學系四年級,11053CL2046-*,中國文學系,四年級
中國文學系四年級,11054CL2069-*,中國文學系,四年級
中國文學系四年級,11055CL3066-*,中國文學系,四年級
中國文學系四年級,11056CL3077-*,中國文學系,四年級
中國文學系四年級,11057CL3083-*,中國文學系,四年級
中國文學系四年級,11058CL3143-*,中國文學系,四年級
中國文學系四年級,11059CL3144-*,中國文學系,四年級
中國文學系四年級,11060CL3160-*,中國文學系,四年級
中國文學系四年級,11062CL3163-*,中國文學系,四年級
中國文學系四年級,11063CL3165-*,中國文學系,四年級
中國文學系四年級,11064CL4002-*,中國文學系,四年級
中國文學系四年級,11065CL4004-*,中國文學系,四年級
中國文學系四年級,11066CL4065-*,中國文學系,四年級
中國文學系四年級,11067CL4090-*,中國文學系,四年級
中國文學系四年級,11068CL4096-*,中國文學系,四年級
中國文學系四年級,11069CL4104-*,中國文學系,四年級
中國文學系四年級,11070CL6116-*,中國文學系,四年級
中國文學系四年級,11085CL6124-*,中國文學系,四年級
英美語文學系一年級,01011PE1022-K,英美語文學系,一年級
英美語文學系一年級,08001SC0004-A,英美語文學系,一年級
英美語文學系一年級,11025CL0201-I,英美語文學系,一年級
英美語文學系一年級,11026CL0201-J,英美語文學系,一年級
英美語文學系一年級,11027CL0201-K,英美語文學系,一年級
英美語文學系一年級,11028CL0201-L,英美語文學系,一年級
英美語文學系一年級,11029CL0201-M,英美語文學系,一年級
英美語文學系一年級,11030CL0201-N,英美語文學系,一年級
英美語文學系一年級,12001EL1035-*,英美語文學系,一年級
英美語文學系一年級,12002EL1066-*,英美語文學系,一年級
英美語文學系一年級,12003EL1203-*,英美語文學系,一年級
英美語文學系一年級,12004EL1204-A,英美語文學系,一年級
英美語文學系一年級,12005EL1204-B,英美語文學系,一年級
英美語文學系一年級,12006EL1204-C,英美語文學系,一年級
英美語文學系一年級,12008EL2014-*,英美語文學系,一年級
英美語文學系一年級,12021EL4088-*,英美語文學系,一年級
英美語文學系二年級,12007EL2005-*,英美語文學系,二年級
英美語文學系二年級,12009EL2074-*,英美語文學系,二年級
英美語文學系二年級,12010EL2077-*,英美語文學系,二年級
英美語文學系二年級,12012EL3035-*,英美語文學系,二年級
英美語文學系二年級,12015EL3105-*,英美語文學系,二年級
英美語文學系三年級,12011EL3019-*,英美語文學系,三年級
英美語文學系三年級,12012EL3035-*,英美語文學系,三年級
英美語文學系三年級,12013EL3071-*,英美語文學系,三年級
英美語文學系三年級,12014EL3101-*,英美語文學系,三年級
英美語文學系三年級,12016EL3202-*,英美語文學系,三年級
英美語文學系三年級,12017EL3204-*,英美語文學系,三年級
英美語文學系三年級,12018EL4049-*,英美語文學系,三年級
英美語文學系三年級,12019EL4069-*,英美語文學系,三年級
英美語文學系三年級,12020EL4082-*,英美語文學系,三年級
英美語文學系三年級,12022EL4100-*,英美語文學系,三年級
英美語文學系三年級,12023EL4201-*,英美語文學系,三年級
英美語文學系三年級,12024EL4202-*,英美語文學系,三年級
英美語文學系四年級,12011EL3019-*,英美語文學系,四年級
英美語文學系四年級,12012EL3035-*,英美語文學系,四年級
英美語文學系四年級,12013EL3071-*,英美語文學系,四年級
英美語文學系四年級,12014EL3101-*,英美語文學系,四年級
英美語文學系四年級,12016EL3202-*,英美語文學系,四年級
英美語文學系四年級,12017EL3204-*,英美語文學系,四年級
英美語文學系四年級,12018EL4049-*,英美語文學系,四年級
英美語文學系四年級,12019EL4069-*,英美語文學系,四年級
英美語文學系四年級,12020EL4082-*,英美語文學系,四年級
英美語文學系四年級,12022EL4100-*,英美語文學系,四年級
英美語文學系四年級,12023EL4201-*,英美語文學系,四年級
英美語文學系四年級,12024EL4202-*,英美語文學系,四年級
英美語文學系四年級,12025EL5000-*,英美語文學系,四年級
英美語文學系四年級,12026EL5055-*,英美語文學系,四年級
英美語文學系四年級,12027EL5078-*,英美語文學系,四年級
英美語文學系四年級,12028EL5081-*,英美語文學系,四年級
法國語文學系一年級,00080LN1008-A,法國語文學系,一年級
法國語文學系一年級,00081LN1008-B,法國語文學系,一年級
法國語文學系一年級,00082LN1008-C,法國語文學系,一年級
法國語文學系一年級,01025PE1022-Y,法國語文學系,一年級
法國語文學系一年級,08002SC0004-B,法國語文學系,一年級
法國語文學系一年級,11019CL0201-C,法國語文學系,一年級
法國語文學系一年級,11020CL0201-D,法國語文學系,一年級
法國語文學系一年級,11021CL0201-E,法國語文學系,一年級
法國語文學系一年級,11022CL0201-F,法國語文學系,一年級
法國語文學系一年級,11023CL0201-G,法國語文學系,一年級
法國語文學系一年級,11024CL0201-H,法國語文學系,一年級
法國語文學系一年級,13002FR1020-A,法國語文學系,一年級
法國語文學系一年級,13003FR1020-B,法國語文學系,一年級
法國語文學系一年級,13004FR1020-C,法國語文學系,一年級
法國語文學系一年級,13005FR1024-A,法國語文學系,一年級
法國語文學系一年級,13006FR1024-B,法國語文學系,一年級
法國語文學系一年級,13007FR1034-A,法國語文學系,一年級
法國語文學系一年級,13008FR1034-B,法國語文學系,一年級
法國語文學系一年級,13009FR1040-*,法國語文學系,一年級
法國語文學系一年級,13010FR2018-*,法國語文學系,一年級
法國語文學系二年級,13011FR2030-A,法國語文學系,二年級
法國語文學系二年級,13012FR2030-B,法國語文學系,二年級
法國語文學系二年級,13013FR2030-C,法國語文學系,二年級
法國語文學系二年級,13014FR2032-A,法國語文學系,二年級
法國語文學系二年級,13015FR2032-B,法國語文學系,二年級
法國語文學系二年級,13016FR2035-*,法國語文學系,二年級
法國語文學系二年級,13017FR2036-*,法國語文學系,二年級
法國語文學系二年級,13018FR2040-A,法國語文學系,二年級
法國語文學系二年級,13019FR2040-B,法國語文學系,二年級
法國語文學系二年級,13020FR2044-A,法國語文學系,二年級
法國語文學系二年級,13021FR2044-B,法國語文學系,二年級
法國語文學系二年級,13022FR2046-*,法國語文學系,二年級
法國語文學系二年級,13023FR2052-*,法國語文學系,二年級
法國語文學系二年級,13024FR2053-*,法國語文學系,二年級
法國語文學系二年級,13033FR3051-*,法國語文學系,二年級
法國語文學系二年級,13034FR3069-*,法國語文學系,二年級
法國語文學系二年級,13035FR3080-*,法國語文學系,二年級
法國語文學系二年級,13040FR4028-*,法國語文學系,二年級
法國語文學系三年級,13001FR0003-*,法國語文學系,三年級
法國語文學系三年級,13025FR3014-*,法國語文學系,三年級
法國語文學系三年級,13026FR3018-*,法國語文學系,三年級
法國語文學系三年級,13027FR3042-A,法國語文學系,三年級
法國語文學系三年級,13028FR3042-B,法國語文學系,三年級
法國語文學系三年級,13029FR3044-A,法國語文學系,三年級
法國語文學系三年級,13030FR3044-B,法國語文學系,三年級
法國語文學系三年級,13031FR3047-*,法國語文學系,三年級
法國語文學系三年級,13032FR3048-*,法國語文學系,三年級
法國語文學系三年級,13036FR3095-*,法國語文學系,三年級
法國語文學系三年級,13037FR3104-*,法國語文學系,三年級
法國語文學系三年級,13038FR3105-*,法國語文學系,三年級
法國語文學系三年級,13039FR4025-*,法國語文學系,三年級
法國語文學系三年級,13040FR4028-*,法國語文學系,三年級
法國語文學系三年級,13041FR4088-*,法國語文學系,三年級
法國語文學系三年級,13042FR4104-*,法國語文學系,三年級
法國語文學系四年級,13001FR0003-*,法國語文學系,四年級
法國語文學系四年級,13026FR3018-*,法國語文學系,四年級
法國語文學系四年級,13036FR3095-*,法國語文學系,四年級
法國語文學系四年級,13037FR3104-*,法國語文學系,四年級
法國語文學系四年級,13038FR3105-*,法國語文學系,四年級
法國語文學系四年級,13039FR4025-*,法國語文學系,四年級
法國語文學系四年級,13040FR4028-*,法國語文學系,四年級
法國語文學系四年級,13041FR4088-*,法國語文學系,四年級
法國語文學系四年級,13042FR4104-*,法國語文學系,四年級
法國語文學系四年級,13044FR5093-*,法國語文學系,四年級
文學院學士班不分類,14001PD4101-*,文學院學士班,不分類
文學院學士班不分類,14002PD4151-*,文學院學士班,不分類
文學院學士班不分類,14003PD4153-*,文學院學士班,不分類
文學院學士班不分類,14004PD4406-*,文學院學士班,不分類
文學院學士班不分類,15001HI2902-*,文學院學士班,不分類
文學院學士班不分類,16001AR0028-*,文學院學士班,不分類
文學院學士班不分類,16002AR0035-*,文學院學士班,不分類
文學院學士班不分類,18001IL1002-*,文學院學士班,不分類
文學院學士班不分類,18002IL1003-*,文學院學士班,不分類
文學院學士班不分類,18003IL2403-*,文學院學士班,不分類
文學院學士班不分類,18004IL4201-*,文學院學士班,不分類
文學院學士班不分類,18005IL4402-*,文學院學士班,不分類
文學院學士班不分類,18006IL4409-*,文學院學士班,不分類
文學院學士班不分類,18007IL4410-*,文學院學士班,不分類
文學院學士班不分類,18008IL4601-*,文學院學士班,不分類
文學院學士班一年級,00080LN1008-A,文學院學士班,一年級
文學院學士班一年級,00081LN1008-B,文學院學士班,一年級
文學院學士班一年級,00082LN1008-C,文學院學士班,一年級
文學院學士班一年級,01025PE1022-Y,文學院學士班,一年級
文學院學士班一年級,08030SC0004-9,文學院學士班,一年級
文學院學士班一年級,11025CL0201-I,文學院學士班,一年級
文學院學士班一年級,11026CL0201-J,文學院學士班,一年級
文學院學士班一年級,11027CL0201-K,文學院學士班,一年級
文學院學士班一年級,11028CL0201-L,文學院學士班,一年級
文學院學士班一年級,11029CL0201-M,文學院學士班,一年級
文學院學士班一年級,11030CL0201-N,文學院學士班,一年級
文學院學士班三年級,11065CL4004-*,文學院學士班,三年級
文學院學士班四年級,11065CL4004-*,文學院學士班,四年級
師資培育中心不分類,06001EP1002-*,師資培育中心,不分類
師資培育中心不分類,06002EP1011-*,師資培育中心,不分類
師資培育中心不分類,06003EP1035-*,師資培育中心,不分類
師資培育中心不分類,06004EP2002-*,師資培育中心,不分類
師資培育中心不分類,06005EP2006-*,師資培育中心,不分類
師資培育中心不分類,06006EP2021-*,師資培育中心,不分類
師資培育中心不分類,06007EP2030-*,師資培育中心,不分類
師資培育中心不分類,06008EP2042-*,師資培育中心,不分類
師資培育中心不分類,06009EP2044-*,師資培育中心,不分類
師資培育中心不分類,06010EP2047-*,師資培育中心,不分類
師資培育中心不分類,06011EP3001-A,師資培育中心,不分類
師資培育中心不分類,06012EP3001-B,師資培育中心,不分類
師資培育中心不分類,06013EP3001-C,師資培育中心,不分類
師資培育中心不分類,06014EP3001-D,師資培育中心,不分類
師資培育中心不分類,06015EP3001-E,師資培育中心,不分類
師資培育中心不分類,06016EP3044-*,師資培育中心,不分類
理學院不分類,92001SH5002-*,理學院,不分類
理學院不分類,92002SH5004-*,理學院,不分類
理學院不分類,92003SH5006-*,理學院,不分類
數學系不分類,21001MA1002-A,數學系,不分類
數學系不分類,21002MA1002-B,數學系,不分類
數學系不分類,21019MA1009-*,數學系,不分類
數學系不分類,21021MA1018-*,數學系,不分類
數學系不分類,21023MA2008-A,數學系,不分類
數學系不分類,21024MA2008-B,數學系,不分類
數學系不分類,21025MA2011-*,數學系,不分類
數學系不分類,21027MA2026-*,數學系,不分類
數學系不分類,21028MA2042-*,數學系,不分類
數學系不分類,21029MA2044-*,數學系,不分類
數學系不分類,21030MA2046-*,數學系,不分類
數學系不分類,21033MA2063-*,數學系,不分類
數學系不分類,21039MA4072-A,數學系,不分類
數學系不分類,21045MA6044-*,數學系,不分類
數學系不分類,21047MA6058-*,數學系,不分類
數學系不分類,21048MA6065-*,數學系,不分類
數學系不分類,21049MA6069-*,數學系,不分類
數學系不分類,21050MA7066-*,數學系,不分類
數學系不分類,21066MA4071-A,數學系,不分類
數學系不分類,21069MA4071-B,數學系,不分類
數學系不分類,24004LS1014-*,數學系,不分類
數學系一年級,00062LN1004-B,數學系,一年級
數學系一年級,00063LN1004-C,數學系,一年級
數學系一年級,00064LN1004-D,數學系,一年級
數學系一年級,00066LN1004-F,數學系,一年級
數學系一年級,00068LN1004-H,數學系,一年級
數學系一年級,00069LN1004-I,數學系,一年級
數學系一年級,00070LN1004-J,數學系,一年級
數學系一年級,01023PE1022-W,數學系,一年級
數學系一年級,01026PE1022-Z,數學系,一年級
數學系一年級,08003SC0004-C,數學系,一年級
數學系一年級,08004SC0004-D,數學系,一年級
數學系一年級,11004CL0127-C,數學系,一年級
數學系一年級,11010CL0137-*,數學系,一年級
數學系一年級,11014CL0148-*,數學系,一年級
數學系一年級,11016CL0151-*,數學系,一年級
數學系一年級,21001MA1002-A,數學系,一年級
數學系一年級,21002MA1002-B,數學系,一年級
數學系一年級,21020MA1013-*,數學系,一年級
數學系一年級,21021MA1018-*,數學系,一年級
數學系一年級,21023MA2008-A,數學系,一年級
數學系一年級,21024MA2008-B,數學系,一年級
數學系一年級,22023PH1034-A,數學系,一年級
數學系一年級,22024PH1034-B,數學系,一年級
數學系一年級,23005CM1010-A,數學系,一年級
數學系一年級,23006CM1010-B,數學系,一年級
數學系二年級,21025MA2011-*,數學系,二年級
數學系二年級,21026MA2021-A,數學系,二年級
數學系二年級,21027MA2026-*,數學系,二年級
數學系二年級,21028MA2042-*,數學系,二年級
數學系二年級,21029MA2044-*,數學系,二年級
數學系二年級,21030MA2046-*,數學系,二年級
數學系二年級,21031MA2050-*,數學系,二年級
數學系二年級,21032MA2060-*,數學系,二年級
數學系二年級,21033MA2063-*,數學系,二年級
數學系三年級,21034MA3034-*,數學系,三年級
數學系三年級,21035MA3113-*,數學系,三年級
數學系三年級,21036MA3123-*,數學系,三年級
數學系三年級,21037MA3133-*,數學系,三年級
數學系三年級,21038MA4005-*,數學系,三年級
數學系三年級,21040MA4094-*,數學系,三年級
數學系三年級,21041MA5007-*,數學系,三年級
數學系三年級,21043MA5041-*,數學系,三年級
數學系三年級,21044MA5043-*,數學系,三年級
數學系三年級,21048MA6065-*,數學系,三年級
數學系三年級,21050MA7066-*,數學系,三年級
數學系三年級,21059MA7102-*,數學系,三年級
數學系三年級,21063MA8020-*,數學系,三年級
數學系四年級,21034MA3034-*,數學系,四年級
數學系四年級,21035MA3113-*,數學系,四年級
數學系四年級,21036MA3123-*,數學系,四年級
數學系四年級,21037MA3133-*,數學系,四年級
數學系四年級,21038MA4005-*,數學系,四年級
數學系四年級,21040MA4094-*,數學系,四年級
數學系四年級,21041MA5007-*,數學系,四年級
數學系四年級,21043MA5041-*,數學系,四年級
數學系四年級,21044MA5043-*,數學系,四年級
數學系四年級,21047MA6058-*,數學系,四年級
數學系四年級,21048MA6065-*,數學系,四年級
數學系四年級,21050MA7066-*,數學系,四年級
數學系四年級,21059MA7102-*,數學系,四年級
數學系四年級,21063MA8020-*,數學系,四年級
數學系四年級,21064MA8022-*,數學系,四年級
數學系(數學科學組)不分類,21001MA1002-A,數學系(數學科學組),不分類
數學系(數學科學組)不分類,21026MA2021-A,數學系(數學科學組),不分類
數學系(數學科學組)一年級,11019CL0201-C,數學系(數學科學組),一年級
數學系(數學科學組)一年級,11020CL0201-D,數學系(數學科學組),一年級
數學系(數學科學組)一年級,11021CL0201-E,數學系(數學科學組),一年級
數學系(數學科學組)一年級,11022CL0201-F,數學系(數學科學組),一年級
數學系(數學科學組)一年級,11023CL0201-G,數學系(數學科學組),一年級
數學系(數學科學組)一年級,11024CL0201-H,數學系(數學科學組),一年級
數學系(數學科學組)一年級,21022MA1052-*,數學系(數學科學組),一年級
數學系(計算與資料科學組)不分類,21002MA1002-B,數學系(計算與資料科學組),不分類
數學系(計算與資料科學組)不分類,21031MA2050-*,數學系(計算與資料科學組),不分類
物理學系不分類,21005MA1002-E,物理學系,不分類
物理學系不分類,21006MA1002-F,物理學系,不分類
物理學系不分類,24004LS1014-*,物理學系,不分類
物理學系一年級,00062LN1004-B,物理學系,一年級
物理學系一年級,00063LN1004-C,物理學系,一年級
物理學系一年級,00064LN1004-D,物理學系,一年級
物理學系一年級,00066LN1004-F,物理學系,一年級
物理學系一年級,00068LN1004-H,物理學系,一年級
物理學系一年級,00069LN1004-I,物理學系,一年級
物理學系一年級,00070LN1004-J,物理學系,一年級
物理學系一年級,01012PE1022-L,物理學系,一年級
物理學系一年級,08005SC0004-E,物理學系,一年級
物理學系一年級,11019CL0201-C,物理學系,一年級
物理學系一年級,11020CL0201-D,物理學系,一年級
物理學系一年級,11021CL0201-E,物理學系,一年級
物理學系一年級,11022CL0201-F,物理學系,一年級
物理學系一年級,11023CL0201-G,物理學系,一年級
物理學系一年級,11024CL0201-H,物理學系,一年級
物理學系一年級,21005MA1002-E,物理學系,一年級
物理學系一年級,21006MA1002-F,物理學系,一年級
物理學系一年級,22010PH1028-A,物理學系,一年級
物理學系一年級,22011PH1028-B,物理學系,一年級
物理學系一年級,22012PH1030-A,物理學系,一年級
物理學系一年級,22013PH1030-B,物理學系,一年級
物理學系一年級,22014PH1030-C,物理學系,一年級
物理學系一年級,22029PH1044-*,物理學系,一年級
物理學系一年級,23003CM1008-A,物理學系,一年級
物理學系一年級,23004CM1008-B,物理學系,一年級
物理學系二年級,22030PH2004-*,物理學系,二年級
物理學系二年級,22031PH2010-*,物理學系,二年級
物理學系二年級,22032PH2030-A,物理學系,二年級
物理學系二年級,22033PH2030-B,物理學系,二年級
物理學系二年級,22034PH2030-C,物理學系,二年級
物理學系二年級,22035PH2034-*,物理學系,二年級
物理學系二年級,22036PH3009-A,物理學系,二年級
物理學系二年級,22037PH3009-B,物理學系,二年級
物理學系三年級,22038PH3016-*,物理學系,三年級
物理學系三年級,22039PH3018-*,物理學系,三年級
物理學系三年級,22040PH3042-*,物理學系,三年級
物理學系三年級,22041PH3046-*,物理學系,三年級
物理學系三年級,22042PH3054-*,物理學系,三年級
物理學系三年級,22043PH3057-*,物理學系,三年級
物理學系三年級,22044PH3064-*,物理學系,三年級
物理學系三年級,22045PH3066-*,物理學系,三年級
物理學系三年級,22048PH4035-*,物理學系,三年級
物理學系三年級,22049PH4066-*,物理學系,三年級
物理學系三年級,23005CM1010-A,物理學系,三年級
物理學系三年級,23006CM1010-B,物理學系,三年級
物理學系四年級,22040PH3042-*,物理學系,四年級
物理學系四年級,22041PH3046-*,物理學系,四年級
物理學系四年級,22042PH3054-*,物理學系,四年級
物理學系四年級,22043PH3057-*,物理學系,四年級
物理學系四年級,22044PH3064-*,物理學系,四年級
物理學系四年級,22045PH3066-*,物理學系,四年級
物理學系四年級,22046PH4016-*,物理學系,四年級
物理學系四年級,22047PH4018-*,物理學系,四年級
物理學系四年級,22048PH4035-*,物理學系,四年級
物理學系四年級,22049PH4066-*,物理學系,四年級
化學學系不分類,21006MA1002-F,化學學系,不分類
化學學系不分類,23007CM2011-*,化學學系,不分類
化學學系不分類,23018CM4004-*,化學學系,不分類
化學學系不分類,23019CM4006-*,化學學系,不分類
化學學系不分類,23028CM6029-*,化學學系,不分類
化學學系不分類,61042AP8021-*,化學學系,不分類
化學學系一年級,00062LN1004-B,化學學系,一年級
化學學系一年級,00063LN1004-C,化學學系,一年級
化學學系一年級,00064LN1004-D,化學學系,一年級
化學學系一年級,00066LN1004-F,化學學系,一年級
化學學系一年級,00068LN1004-H,化學學系,一年級
化學學系一年級,00069LN1004-I,化學學系,一年級
化學學系一年級,00070LN1004-J,化學學系,一年級
化學學系一年級,01015PE1022-O,化學學系,一年級
化學學系一年級,08006SC0004-F,化學學系,一年級
化學學系一年級,11005CL0128-*,化學學系,一年級
化學學系一年級,11013CL0144-*,化學學系,一年級
化學學系一年級,21003MA1002-C,化學學系,一年級
化學學系一年級,21004MA1002-D,化學學系,一年級
化學學系一年級,21006MA1002-F,化學學系,一年級
化學學系一年級,22006PH1004-X,化學學系,一年級
化學學系一年級,22023PH1034-A,化學學系,一年級
化學學系一年級,22024PH1034-B,化學學系,一年級
化學學系一年級,23001CM1002-X,化學學系,一年級
化學學系一年級,23002CM1004-X,化學學系,一年級
化學學系一年級,23003CM1008-A,化學學系,一年級
化學學系一年級,23004CM1008-B,化學學系,一年級
化學學系一年級,23005CM1010-A,化學學系,一年級
化學學系一年級,23006CM1010-B,化學學系,一年級
化學學系二年級,23008CM2012-*,化學學系,二年級
化學學系二年級,23009CM2022-*,化學學系,二年級
化學學系二年級,23010CM2032-*,化學學系,二年級
化學學系二年級,23011CM2082-*,化學學系,二年級
化學學系二年級,23020CM4032-*,化學學系,二年級
化學學系三年級,23008CM2012-*,化學學系,三年級
化學學系三年級,23012CM3042-*,化學學系,三年級
化學學系三年級,23013CM3044-*,化學學系,三年級
化學學系三年級,23014CM3052-*,化學學系,三年級
化學學系三年級,23015CM3068-*,化學學系,三年級
化學學系三年級,23020CM4032-*,化學學系,三年級
化學學系三年級,23021CM4038-*,化學學系,三年級
化學學系三年級,23030CM6034-*,化學學系,三年級
化學學系四年級,23008CM2012-*,化學學系,四年級
化學學系四年級,23016CM4002-A,化學學系,四年級
化學學系四年級,23017CM4002-B,化學學系,四年級
化學學系四年級,23020CM4032-*,化學學系,四年級
化學學系四年級,23021CM4038-*,化學學系,四年級
理學院學士班不分類,21006MA1002-F,理學院學士班,不分類
理學院學士班不分類,21021MA1018-*,理學院學士班,不分類
理學院學士班不分類,21023MA2008-A,理學院學士班,不分類
理學院學士班不分類,21024MA2008-B,理學院學士班,不分類
理學院學士班不分類,21025MA2011-*,理學院學士班,不分類
理學院學士班不分類,21026MA2021-A,理學院學士班,不分類
理學院學士班不分類,21027MA2026-*,理學院學士班,不分類
理學院學士班不分類,21028MA2042-*,理學院學士班,不分類
理學院學士班不分類,21029MA2044-*,理學院學士班,不分類
理學院學士班不分類,21030MA2046-*,理學院學士班,不分類
理學院學士班不分類,21031MA2050-*,理學院學士班,不分類
理學院學士班不分類,21033MA2063-*,理學院學士班,不分類
理學院學士班不分類,24004LS1014-*,理學院學士班,不分類
理學院學士班不分類,24007LS2004-*,理學院學士班,不分類
理學院學士班不分類,24014LS3018-*,理學院學士班,不分類
理學院學士班不分類,24016LS3036-*,理學院學士班,不分類
理學院學士班不分類,26003OS2001-*,理學院學士班,不分類
理學院學士班不分類,28001JS1002-*,理學院學士班,不分類
理學院學士班不分類,28002JS3002-*,理學院學士班,不分類
理學院學士班不分類,28003JS3004-*,理學院學士班,不分類
理學院學士班不分類,28005JS4003-*,理學院學士班,不分類
理學院學士班不分類,28006JS4005-*,理學院學士班,不分類
理學院學士班一年級,00062LN1004-B,理學院學士班,一年級
理學院學士班一年級,00063LN1004-C,理學院學士班,一年級
理學院學士班一年級,00064LN1004-D,理學院學士班,一年級
理學院學士班一年級,00066LN1004-F,理學院學士班,一年級
理學院學士班一年級,00068LN1004-H,理學院學士班,一年級
理學院學士班一年級,00069LN1004-I,理學院學士班,一年級
理學院學士班一年級,00070LN1004-J,理學院學士班,一年級
理學院學士班一年級,01015PE1022-O,理學院學士班,一年級
理學院學士班一年級,01016PE1022-P,理學院學士班,一年級
理學院學士班一年級,08028SC0004-3,理學院學士班,一年級
理學院學士班一年級,11005CL0128-*,理學院學士班,一年級
理學院學士班一年級,11013CL0144-*,理學院學士班,一年級
理學院學士班一年級,21003MA1002-C,理學院學士班,一年級
理學院學士班一年級,21004MA1002-D,理學院學士班,一年級
理學院學士班一年級,21006MA1002-F,理學院學士班,一年級
理學院學士班一年級,21021MA1018-*,理學院學士班,一年級
理學院學士班一年級,21023MA2008-A,理學院學士班,一年級
理學院學士班一年級,21024MA2008-B,理學院學士班,一年級
理學院學士班一年級,22002PH1004-H,理學院學士班,一年級
理學院學士班一年級,22006PH1004-X,理學院學士班,一年級
理學院學士班一年級,22015PH1032-A,理學院學士班,一年級
理學院學士班一年級,22019PH1032-E,理學院學士班,一年級
理學院學士班一年級,22020PH1032-F,理學院學士班,一年級
理學院學士班一年級,22022PH1032-H,理學院學士班,一年級
理學院學士班一年級,23001CM1002-X,理學院學士班,一年級
理學院學士班一年級,23003CM1008-A,理學院學士班,一年級
理學院學士班一年級,23004CM1008-B,理學院學士班,一年級
理學院學士班一年級,23005CM1010-A,理學院學士班,一年級
理學院學士班一年級,23006CM1010-B,理學院學士班,一年級
理學院學士班一年級,24001LS1002-*,理學院學士班,一年級
理學院學士班一年級,26001OS1007-*,理學院學士班,一年級
理學院學士班一年級,26005OS2007-*,理學院學士班,一年級
理學院學士班二年級,21025MA2011-*,理學院學士班,二年級
理學院學士班二年級,21026MA2021-A,理學院學士班,二年級
理學院學士班二年級,21027MA2026-*,理學院學士班,二年級
理學院學士班二年級,21028MA2042-*,理學院學士班,二年級
理學院學士班二年級,21029MA2044-*,理學院學士班,二年級
理學院學士班二年級,21030MA2046-*,理學院學士班,二年級
理學院學士班二年級,21031MA2050-*,理學院學士班,二年級
理學院學士班二年級,21033MA2063-*,理學院學士班,二年級
理學院學士班二年級,22030PH2004-*,理學院學士班,二年級
理學院學士班二年級,22035PH2034-*,理學院學士班,二年級
理學院學士班二年級,22036PH3009-A,理學院學士班,二年級
理學院學士班二年級,22037PH3009-B,理學院學士班,二年級
理學院學士班二年級,23009CM2022-*,理學院學士班,二年級
理學院學士班二年級,23010CM2032-*,理學院學士班,二年級
理學院學士班二年級,23011CM2082-*,理學院學士班,二年級
理學院學士班二年級,24006LS2002-*,理學院學士班,二年級
理學院學士班二年級,24008LS2006-*,理學院學士班,二年級
理學院學士班二年級,24009LS2014-*,理學院學士班,二年級
理學院學士班二年級,24012LS3001-*,理學院學士班,二年級
理學院學士班二年級,26004OS2004-*,理學院學士班,二年級
理學院學士班二年級,26006OS2014-*,理學院學士班,二年級
理學院學士班三年級,21034MA3034-*,理學院學士班,三年級
理學院學士班三年級,21035MA3113-*,理學院學士班,三年級
理學院學士班三年級,21036MA3123-*,理學院學士班,三年級
理學院學士班三年級,21037MA3133-*,理學院學士班,三年級
理學院學士班三年級,21040MA4094-*,理學院學士班,三年級
理學院學士班三年級,22038PH3016-*,理學院學士班,三年級
理學院學士班三年級,22039PH3018-*,理學院學士班,三年級
理學院學士班三年級,22040PH3042-*,理學院學士班,三年級
理學院學士班三年級,22042PH3054-*,理學院學士班,三年級
理學院學士班三年級,22044PH3064-*,理學院學士班,三年級
理學院學士班三年級,23012CM3042-*,理學院學士班,三年級
理學院學士班三年級,23013CM3044-*,理學院學士班,三年級
理學院學士班三年級,23014CM3052-*,理學院學士班,三年級
理學院學士班三年級,24011LS2020-*,理學院學士班,三年級
理學院學士班三年級,24019LS4005-A,理學院學士班,三年級
理學院學士班三年級,24020LS4005-B,理學院學士班,三年級
理學院學士班三年級,24021LS4005-C,理學院學士班,三年級
理學院學士班三年級,26010OS3001-*,理學院學士班,三年級
理學院學士班三年級,26011OS3002-*,理學院學士班,三年級
理學院學士班三年級,26012OS3010-A,理學院學士班,三年級
理學院學士班三年級,26013OS3010-B,理學院學士班,三年級
理學院學士班四年級,21034MA3034-*,理學院學士班,四年級
理學院學士班四年級,21035MA3113-*,理學院學士班,四年級
理學院學士班四年級,21036MA3123-*,理學院學士班,四年級
理學院學士班四年級,21037MA3133-*,理學院學士班,四年級
理學院學士班四年級,21040MA4094-*,理學院學士班,四年級
理學院學士班四年級,22040PH3042-*,理學院學士班,四年級
理學院學士班四年級,22042PH3054-*,理學院學士班,四年級
理學院學士班四年級,22044PH3064-*,理學院學士班,四年級
理學院學士班四年級,22046PH4016-*,理學院學士班,四年級
理學院學士班四年級,22047PH4018-*,理學院學士班,四年級
理學院學士班四年級,23016CM4002-A,理學院學士班,四年級
理學院學士班四年級,23017CM4002-B,理學院學士班,四年級
理學院學士班四年級,24017LS4002-A,理學院學士班,四年級
理學院學士班四年級,24018LS4002-B,理學院學士班,四年級
理學院學士班四年級,24019LS4005-A,理學院學士班,四年級
理學院學士班四年級,24020LS4005-B,理學院學士班,四年級
理學院學士班四年級,24021LS4005-C,理學院學士班,四年級
理學院學士班四年級,28004JS4001-*,理學院學士班,四年級
工學院不分類,23021CM4038-*,工學院,不分類
工學院不分類,93001EG1007-*,工學院,不分類
工學院不分類,93002EG2001-*,工學院,不分類
工學院不分類,93003EG3001-*,工學院,不分類
工學院不分類,93004EG3002-*,工學院,不分類
工學院不分類,93005EG3003-*,工學院,不分類
工學院不分類,93006EG3004-*,工學院,不分類
工學院不分類,93007EG3005-*,工學院,不分類
工學院不分類,93008EG3006-*,工學院,不分類
工學院不分類,93009EG3007-*,工學院,不分類
工學院不分類,93010EG4004-*,工學院,不分類
工學院不分類,93011EG5005-*,工學院,不分類
土木工程學系不分類,21006MA1002-F,土木工程學系,不分類
土木工程學系不分類,21009MA1004-C,土木工程學系,不分類
土木工程學系不分類,21010MA1004-D,土木工程學系,不分類
土木工程學系不分類,21011MA1004-E,土木工程學系,不分類
土木工程學系不分類,21012MA1004-F,土木工程學系,不分類
土木工程學系不分類,32023CI3039-*,土木工程學系,不分類
土木工程學系一年級,00044LN1002-B,土木工程學系,一年級
土木工程學系一年級,00048LN1002-F,土木工程學系,一年級
土木工程學系一年級,00049LN1002-G,土木工程學系,一年級
土木工程學系一年級,00055LN1002-M,土木工程學系,一年級
土木工程學系一年級,01018PE1022-R,土木工程學系,一年級
土木工程學系一年級,01024PE1022-X,土木工程學系,一年級
土木工程學系一年級,08010SC0004-K,土木工程學系,一年級
土木工程學系一年級,08011SC0004-L,土木工程學系,一年級
土木工程學系一年級,11025CL0201-I,土木工程學系,一年級
土木工程學系一年級,11026CL0201-J,土木工程學系,一年級
土木工程學系一年級,11027CL0201-K,土木工程學系,一年級
土木工程學系一年級,11028CL0201-L,土木工程學系,一年級
土木工程學系一年級,11029CL0201-M,土木工程學系,一年級
土木工程學系一年級,11030CL0201-N,土木工程學系,一年級
土木工程學系一年級,11031CL0201-O,土木工程學系,一年級
土木工程學系一年級,11032CL0201-P,土木工程學系,一年級
土木工程學系一年級,11033CL0201-Q,土木工程學系,一年級
土木工程學系一年級,11034CL0201-R,土木工程學系,一年級
土木工程學系一年級,11035CL0201-S,土木工程學系,一年級
土木工程學系一年級,11036CL0201-T,土木工程學系,一年級
土木工程學系一年級,11037CL0201-U,土木工程學系,一年級
土木工程學系一年級,11038CL0201-V,土木工程學系,一年級
土木工程學系一年級,21006MA1002-F,土木工程學系,一年級
土木工程學系一年級,21009MA1004-C,土木工程學系,一年級
土木工程學系一年級,21010MA1004-D,土木工程學系,一年級
土木工程學系一年級,21011MA1004-E,土木工程學系,一年級
土木工程學系一年級,21012MA1004-F,土木工程學系,一年級
土木工程學系一年級,32001CI0103-*,土木工程學系,一年級
土木工程學系一年級,32002CI1005-A,土木工程學系,一年級
土木工程學系一年級,32003CI1005-B,土木工程學系,一年級
土木工程學系一年級,32004CI2005-A,土木工程學系,一年級
土木工程學系一年級,32005CI2005-B,土木工程學系,一年級
土木工程學系二年級,32001CI0103-*,土木工程學系,二年級
土木工程學系二年級,32008CI2018-A,土木工程學系,二年級
土木工程學系二年級,32009CI2018-B,土木工程學系,二年級
土木工程學系二年級,32010CI2018-C,土木工程學系,二年級
土木工程學系二年級,32011CI2019-A,土木工程學系,二年級
土木工程學系二年級,32012CI2019-B,土木工程學系,二年級
土木工程學系二年級,32013CI2020-*,土木工程學系,二年級
土木工程學系二年級,32014CI3003-A,土木工程學系,二年級
土木工程學系二年級,32015CI3003-B,土木工程學系,二年級
土木工程學系二年級,32016CI3003-C,土木工程學系,二年級
土木工程學系二年級,32019CI3036-A,土木工程學系,二年級
土木工程學系二年級,32020CI3036-B,土木工程學系,二年級
土木工程學系二年級,32021CI3036-C,土木工程學系,二年級
土木工程學系二年級,32022CI3036-D,土木工程學系,二年級
土木工程學系二年級,32029CI3071-*,土木工程學系,二年級
土木工程學系二年級,32033CI4050-*,土木工程學系,二年級
土木工程學系二年級,93002EG2001-*,土木工程學系,二年級
土木工程學系三年級,32001CI0103-*,土木工程學系,三年級
土木工程學系三年級,32006CI2007-A,土木工程學系,三年級
土木工程學系三年級,32007CI2007-B,土木工程學系,三年級
土木工程學系三年級,32013CI2020-*,土木工程學系,三年級
土木工程學系三年級,32017CI3012-*,土木工程學系,三年級
土木工程學系三年級,32018CI3025-*,土木工程學系,三年級
土木工程學系三年級,32024CI3052-*,土木工程學系,三年級
土木工程學系三年級,32025CI3056-*,土木工程學系,三年級
土木工程學系三年級,32026CI3064-*,土木工程學系,三年級
土木工程學系三年級,32027CI3069-*,土木工程學系,三年級
土木工程學系三年級,32029CI3071-*,土木工程學系,三年級
土木工程學系三年級,32030CI4010-*,土木工程學系,三年級
土木工程學系三年級,32031CI4020-*,土木工程學系,三年級
土木工程學系三年級,32032CI4027-*,土木工程學系,三年級
土木工程學系三年級,32033CI4050-*,土木工程學系,三年級
土木工程學系三年級,32036CI5008-*,土木工程學系,三年級
土木工程學系三年級,32037CI5013-*,土木工程學系,三年級
土木工程學系三年級,32040CI5031-*,土木工程學系,三年級
土木工程學系三年級,32041CI5033-*,土木工程學系,三年級
土木工程學系三年級,32044CI5040-*,土木工程學系,三年級
土木工程學系三年級,32051CI6066-*,土木工程學系,三年級
土木工程學系三年級,32060CI7047-*,土木工程學系,三年級
土木工程學系三年級,93002EG2001-*,土木工程學系,三年級
土木工程學系四年級,32001CI0103-*,土木工程學系,四年級
土木工程學系四年級,32006CI2007-A,土木工程學系,四年級
土木工程學系四年級,32007CI2007-B,土木工程學系,四年級
土木工程學系四年級,32013CI2020-*,土木工程學系,四年級
土木工程學系四年級,32017CI3012-*,土木工程學系,四年級
土木工程學系四年級,32025CI3056-*,土木工程學系,四年級
土木工程學系四年級,32026CI3064-*,土木工程學系,四年級
土木工程學系四年級,32027CI3069-*,土木工程學系,四年級
土木工程學系四年級,32028CI3070-*,土木工程學系,四年級
土木工程學系四年級,32030CI4010-*,土木工程學系,四年級
土木工程學系四年級,32031CI4020-*,土木工程學系,四年級
土木工程學系四年級,32032CI4027-*,土木工程學系,四年級
土木工程學系四年級,32033CI4050-*,土木工程學系,四年級
土木工程學系四年級,32034CI5003-*,土木工程學系,四年級
土木工程學系四年級,32036CI5008-*,土木工程學系,四年級
土木工程學系四年級,32037CI5013-*,土木工程學系,四年級
土木工程學系四年級,32040CI5031-*,土木工程學系,四年級
土木工程學系四年級,32041CI5033-*,土木工程學系,四年級
土木工程學系四年級,32044CI5040-*,土木工程學系,四年級
土木工程學系四年級,32050CI6060-*,土木工程學系,四年級
土木工程學系四年級,32051CI6066-*,土木工程學系,四年級
土木工程學系四年級,32053CI6088-*,土木工程學系,四年級
土木工程學系四年級,32054CI6092-*,土木工程學系,四年級
土木工程學系四年級,32060CI7047-*,土木工程學系,四年級
土木工程學系四年級,32061CI7074-*,土木工程學系,四年級
土木工程學系四年級,93002EG2001-*,土木工程學系,四年級
機械工程學系不分類,21006MA1002-F,機械工程學系,不分類
機械工程學系不分類,21009MA1004-C,機械工程學系,不分類
機械工程學系不分類,21010MA1004-D,機械工程學系,不分類
機械工程學系不分類,21011MA1004-E,機械工程學系,不分類
機械工程學系不分類,21012MA1004-F,機械工程學系,不分類
機械工程學系不分類,33060ME5041-*,機械工程學系,不分類
機械工程學系不分類,33068ME5210-*,機械工程學系,不分類
機械工程學系一年級,00045LN1002-C,機械工程學系,一年級
機械工程學系一年級,00046LN1002-D,機械工程學系,一年級
機械工程學系一年級,00050LN1002-H,機械工程學系,一年級
機械工程學系一年級,00051LN1002-I,機械工程學系,一年級
機械工程學系一年級,00056LN1002-N,機械工程學系,一年級
機械工程學系一年級,01006PE1022-F,機械工程學系,一年級
機械工程學系一年級,01013PE1022-M,機械工程學系,一年級
機械工程學系一年級,01014PE1022-N,機械工程學系,一年級
機械工程學系一年級,08012SC0004-M,機械工程學系,一年級
機械工程學系一年級,08013SC0004-N,機械工程學系,一年級
機械工程學系一年級,08014SC0004-O,機械工程學系,一年級
機械工程學系一年級,11031CL0201-O,機械工程學系,一年級
機械工程學系一年級,11032CL0201-P,機械工程學系,一年級
機械工程學系一年級,11033CL0201-Q,機械工程學系,一年級
機械工程學系一年級,11034CL0201-R,機械工程學系,一年級
機械工程學系一年級,11035CL0201-S,機械工程學系,一年級
機械工程學系一年級,11036CL0201-T,機械工程學系,一年級
機械工程學系一年級,11037CL0201-U,機械工程學系,一年級
機械工程學系一年級,11038CL0201-V,機械工程學系,一年級
機械工程學系一年級,21006MA1002-F,機械工程學系,一年級
機械工程學系一年級,21009MA1004-C,機械工程學系,一年級
機械工程學系一年級,21010MA1004-D,機械工程學系,一年級
機械工程學系一年級,21011MA1004-E,機械工程學系,一年級
機械工程學系一年級,21012MA1004-F,機械工程學系,一年級
機械工程學系一年級,22007PH1024-A,機械工程學系,一年級
機械工程學系一年級,22008PH1024-B,機械工程學系,一年級
機械工程學系一年級,22009PH1024-C,機械工程學系,一年級
機械工程學系一年級,22025PH1036-A,機械工程學系,一年級
機械工程學系一年級,22026PH1036-B,機械工程學系,一年級
機械工程學系一年級,22027PH1036-C,機械工程學系,一年級
機械工程學系一年級,33001ME1006-A,機械工程學系,一年級
機械工程學系一年級,33002ME1006-B,機械工程學系,一年級
機械工程學系一年級,33003ME1018-*,機械工程學系,一年級
機械工程學系一年級,33004ME1042-A,機械工程學系,一年級
機械工程學系一年級,33005ME1042-B,機械工程學系,一年級
機械工程學系一年級,33010ME2038-A,機械工程學系,一年級
機械工程學系一年級,33011ME2038-B,機械工程學系,一年級
機械工程學系一年級,33020ME2073-A,機械工程學系,一年級
機械工程學系一年級,33021ME2073-B,機械工程學系,一年級
機械工程學系一年級,33022ME2073-C,機械工程學系,一年級
機械工程學系二年級,33006ME2002-A,機械工程學系,二年級
機械工程學系二年級,33007ME2002-B,機械工程學系,二年級
機械工程學系二年級,33008ME2004-*,機械工程學系,二年級
機械工程學系二年級,33009ME2023-*,機械工程學系,二年級
機械工程學系二年級,33012ME2056-A,機械工程學系,二年級
機械工程學系二年級,33013ME2056-B,機械工程學系,二年級
機械工程學系二年級,33014ME2065-A,機械工程學系,二年級
機械工程學系二年級,33015ME2065-B,機械工程學系,二年級
機械工程學系二年級,33016ME2065-C,機械工程學系,二年級
機械工程學系二年級,33017ME2066-A,機械工程學系,二年級
機械工程學系二年級,33018ME2066-B,機械工程學系,二年級
機械工程學系二年級,33019ME2066-C,機械工程學系,二年級
機械工程學系二年級,33027ME3048-*,機械工程學系,二年級
機械工程學系二年級,33032ME3081-B,機械工程學系,二年級
機械工程學系二年級,33033ME3081-C,機械工程學系,二年級
機械工程學系二年級,33034ME3095-A,機械工程學系,二年級
機械工程學系二年級,33035ME3095-B,機械工程學系,二年級
機械工程學系二年級,33039ME3097-*,機械工程學系,二年級
機械工程學系二年級,33040ME3099-*,機械工程學系,二年級
機械工程學系二年級,33041ME3201-*,機械工程學系,二年級
機械工程學系二年級,33042ME3202-*,機械工程學系,二年級
機械工程學系二年級,33043ME3203-*,機械工程學系,二年級
機械工程學系二年級,33044ME3204-*,機械工程學系,二年級
機械工程學系二年級,33045ME3205-*,機械工程學系,二年級
機械工程學系二年級,33046ME3206-*,機械工程學系,二年級
機械工程學系二年級,33047ME3207-*,機械工程學系,二年級
機械工程學系二年級,33048ME3208-*,機械工程學系,二年級
機械工程學系二年級,33076ME6108-*,機械工程學系,二年級
機械工程學系三年級,33023ME3011-*,機械工程學系,三年級
機械工程學系三年級,33024ME3012-*,機械工程學系,三年級
機械工程學系三年級,33025ME3044-*,機械工程學系,三年級
機械工程學系三年級,33026ME3046-*,機械工程學系,三年級
機械工程學系三年級,33028ME3056-*,機械工程學系,三年級
機械工程學系三年級,33029ME3061-*,機械工程學系,三年級
機械工程學系三年級,33030ME3063-*,機械工程學系,三年級
機械工程學系三年級,33031ME3081-A,機械工程學系,三年級
機械工程學系三年級,33036ME3096-A,機械工程學系,三年級
機械工程學系三年級,33037ME3096-B,機械工程學系,三年級
機械工程學系三年級,33038ME3096-C,機械工程學系,三年級
機械工程學系三年級,33039ME3097-*,機械工程學系,三年級
機械工程學系三年級,33040ME3099-*,機械工程學系,三年級
機械工程學系三年級,33041ME3201-*,機械工程學系,三年級
機械工程學系三年級,33042ME3202-*,機械工程學系,三年級
機械工程學系三年級,33043ME3203-*,機械工程學系,三年級
機械工程學系三年級,33044ME3204-*,機械工程學系,三年級
機械工程學系三年級,33045ME3205-*,機械工程學系,三年級
機械工程學系三年級,33046ME3206-*,機械工程學系,三年級
機械工程學系三年級,33047ME3207-*,機械工程學系,三年級
機械工程學系三年級,33048ME3208-*,機械工程學系,三年級
機械工程學系三年級,33049ME4062-*,機械工程學系,三年級
機械工程學系三年級,33050ME4071-*,機械工程學系,三年級
機械工程學系三年級,33051ME4096-*,機械工程學系,三年級
機械工程學系三年級,33053ME4110-*,機械工程學系,三年級
機械工程學系三年級,33055ME4202-*,機械工程學系,三年級
機械工程學系三年級,33061ME5049-*,機械工程學系,三年級
機械工程學系三年級,33066ME5203-*,機械工程學系,三年級
機械工程學系三年級,33066ME5203-*,機械工程學系,三年級
機械工程學系三年級,33067ME5206-*,機械工程學系,三年級
機械工程學系三年級,33069ME5302-*,機械工程學系,三年級
機械工程學系三年級,33070ME6049-*,機械工程學系,三年級
機械工程學系三年級,33074ME6101-*,機械工程學系,三年級
機械工程學系三年級,33075ME6106-*,機械工程學系,三年級
機械工程學系三年級,33076ME6108-*,機械工程學系,三年級
機械工程學系三年級,33094OM5003-*,機械工程學系,三年級
機械工程學系三年級,33095OM5006-*,機械工程學系,三年級
機械工程學系三年級,33100ME6111-*,機械工程學系,三年級
機械工程學系三年級,33101ME3001-*,機械工程學系,三年級
機械工程學系三年級,38002ER5023-*,機械工程學系,三年級
機械工程學系三年級,38004ER6008-*,機械工程學系,三年級
機械工程學系四年級,33023ME3011-*,機械工程學系,四年級
機械工程學系四年級,33024ME3012-*,機械工程學系,四年級
機械工程學系四年級,33028ME3056-*,機械工程學系,四年級
機械工程學系四年級,33029ME3061-*,機械工程學系,四年級
機械工程學系四年級,33030ME3063-*,機械工程學系,四年級
機械工程學系四年級,33036ME3096-A,機械工程學系,四年級
機械工程學系四年級,33037ME3096-B,機械工程學系,四年級
機械工程學系四年級,33038ME3096-C,機械工程學系,四年級
機械工程學系四年級,33039ME3097-*,機械工程學系,四年級
機械工程學系四年級,33040ME3099-*,機械工程學系,四年級
機械工程學系四年級,33049ME4062-*,機械工程學系,四年級
機械工程學系四年級,33050ME4071-*,機械工程學系,四年級
機械工程學系四年級,33051ME4096-*,機械工程學系,四年級
機械工程學系四年級,33052ME4109-*,機械工程學系,四年級
機械工程學系四年級,33053ME4110-*,機械工程學系,四年級
機械工程學系四年級,33054ME4112-*,機械工程學系,四年級
機械工程學系四年級,33055ME4202-*,機械工程學系,四年級
機械工程學系四年級,33056ME5014-*,機械工程學系,四年級
機械工程學系四年級,33061ME5049-*,機械工程學系,四年級
機械工程學系四年級,33062ME5065-*,機械工程學系,四年級
機械工程學系四年級,33063ME5080-*,機械工程學系,四年級
機械工程學系四年級,33065ME5093-*,機械工程學系,四年級
機械工程學系四年級,33066ME5203-*,機械工程學系,四年級
機械工程學系四年級,33067ME5206-*,機械工程學系,四年級
機械工程學系四年級,33069ME5302-*,機械工程學系,四年級
機械工程學系四年級,33070ME6049-*,機械工程學系,四年級
機械工程學系四年級,33071ME6077-*,機械工程學系,四年級
機械工程學系四年級,33074ME6101-*,機械工程學系,四年級
機械工程學系四年級,33075ME6106-*,機械工程學系,四年級
機械工程學系四年級,33076ME6108-*,機械工程學系,四年級
機械工程學系四年級,33078ME7030-*,機械工程學系,四年級
機械工程學系四年級,33082ME7076-*,機械工程學系,四年級
機械工程學系四年級,33094OM5003-*,機械工程學系,四年級
機械工程學系四年級,33095OM5006-*,機械工程學系,四年級
機械工程學系四年級,33097OM6004-*,機械工程學系,四年級
機械工程學系四年級,33098OM6005-*,機械工程學系,四年級
機械工程學系四年級,33100ME6111-*,機械工程學系,四年級
機械工程學系四年級,33101ME3001-*,機械工程學系,四年級
機械工程學系四年級,38002ER5023-*,機械工程學系,四年級
機械工程學系四年級,38003ER6003-*,機械工程學系,四年級
機械工程學系四年級,38004ER6008-*,機械工程學系,四年級
機械工程學系四年級,38005ER6011-*,機械工程學系,四年級
機械工程學系(光機電工程組)不分類,33100ME6111-*,機械工程學系(光機電工程組),不分類
化學工程與材料工程學系不分類,21006MA1002-F,化學工程與材料工程學系,不分類
化學工程與材料工程學系不分類,21009MA1004-C,化學工程與材料工程學系,不分類
化學工程與材料工程學系不分類,21010MA1004-D,化學工程與材料工程學系,不分類
化學工程與材料工程學系不分類,21011MA1004-E,化學工程與材料工程學系,不分類
化學工程與材料工程學系不分類,21012MA1004-F,化學工程與材料工程學系,不分類
化學工程與材料工程學系不分類,34010CH2034-*,化學工程與材料工程學系,不分類
化學工程與材料工程學系不分類,34041CH8087-*,化學工程與材料工程學系,不分類
化學工程與材料工程學系一年級,00044LN1002-B,化學工程與材料工程學系,一年級
化學工程與材料工程學系一年級,00048LN1002-F,化學工程與材料工程學系,一年級
化學工程與材料工程學系一年級,00049LN1002-G,化學工程與材料工程學系,一年級
化學工程與材料工程學系一年級,00055LN1002-M,化學工程與材料工程學系,一年級
化學工程與材料工程學系一年級,01029PE1022-3,化學工程與材料工程學系,一年級
化學工程與材料工程學系一年級,08009SC0004-J,化學工程與材料工程學系,一年級
化學工程與材料工程學系一年級,11025CL0201-I,化學工程與材料工程學系,一年級
化學工程與材料工程學系一年級,11026CL0201-J,化學工程與材料工程學系,一年級
化學工程與材料工程學系一年級,11027CL0201-K,化學工程與材料工程學系,一年級
化學工程與材料工程學系一年級,11028CL0201-L,化學工程與材料工程學系,一年級
化學工程與材料工程學系一年級,11029CL0201-M,化學工程與材料工程學系,一年級
化學工程與材料工程學系一年級,11030CL0201-N,化學工程與材料工程學系,一年級
化學工程與材料工程學系一年級,21006MA1002-F,化學工程與材料工程學系,一年級
化學工程與材料工程學系一年級,21009MA1004-C,化學工程與材料工程學系,一年級
化學工程與材料工程學系一年級,21010MA1004-D,化學工程與材料工程學系,一年級
化學工程與材料工程學系一年級,21011MA1004-E,化學工程與材料工程學系,一年級
化學工程與材料工程學系一年級,21012MA1004-F,化學工程與材料工程學系,一年級
化學工程與材料工程學系一年級,34001CH1012-*,化學工程與材料工程學系,一年級
化學工程與材料工程學系一年級,34002CH1022-*,化學工程與材料工程學系,一年級
化學工程與材料工程學系一年級,34003CH1024-*,化學工程與材料工程學系,一年級
化學工程與材料工程學系一年級,93001EG1007-*,化學工程與材料工程學系,一年級
化學工程與材料工程學系二年級,34004CH2002-*,化學工程與材料工程學系,二年級
化學工程與材料工程學系二年級,34005CH2006-*,化學工程與材料工程學系,二年級
化學工程與材料工程學系二年級,34006CH2010-*,化學工程與材料工程學系,二年級
化學工程與材料工程學系二年級,34007CH2021-*,化學工程與材料工程學系,二年級
化學工程與材料工程學系二年級,34008CH2026-*,化學工程與材料工程學系,二年級
化學工程與材料工程學系二年級,34009CH2030-*,化學工程與材料工程學系,二年級
化學工程與材料工程學系三年級,34011CH3011-*,化學工程與材料工程學系,三年級
化學工程與材料工程學系三年級,34012CH3043-*,化學工程與材料工程學系,三年級
化學工程與材料工程學系三年級,34013CH3060-*,化學工程與材料工程學系,三年級
化學工程與材料工程學系三年級,34014CH3062-*,化學工程與材料工程學系,三年級
化學工程與材料工程學系三年級,34015CH3063-*,化學工程與材料工程學系,三年級
化學工程與材料工程學系三年級,34017CH3066-*,化學工程與材料工程學系,三年級
化學工程與材料工程學系三年級,34019CH4012-*,化學工程與材料工程學系,三年級
化學工程與材料工程學系三年級,34020CH4049-*,化學工程與材料工程學系,三年級
化學工程與材料工程學系三年級,34022CH4059-A,化學工程與材料工程學系,三年級
化學工程與材料工程學系三年級,34023CH4059-B,化學工程與材料工程學系,三年級
化學工程與材料工程學系三年級,34025CH4071-*,化學工程與材料工程學系,三年級
化學工程與材料工程學系三年級,34026CH4072-*,化學工程與材料工程學系,三年級
化學工程與材料工程學系三年級,34028CH4078-*,化學工程與材料工程學系,三年級
化學工程與材料工程學系三年級,34039CH8134-*,化學工程與材料工程學系,三年級
化學工程與材料工程學系四年級,34008CH2026-*,化學工程與材料工程學系,四年級
化學工程與材料工程學系四年級,34014CH3062-*,化學工程與材料工程學系,四年級
化學工程與材料工程學系四年級,34015CH3063-*,化學工程與材料工程學系,四年級
化學工程與材料工程學系四年級,34016CH3065-*,化學工程與材料工程學系,四年級
化學工程與材料工程學系四年級,34017CH3066-*,化學工程與材料工程學系,四年級
化學工程與材料工程學系四年級,34018CH4002-*,化學工程與材料工程學系,四年級
化學工程與材料工程學系四年級,34019CH4012-*,化學工程與材料工程學系,四年級
化學工程與材料工程學系四年級,34020CH4049-*,化學工程與材料工程學系,四年級
化學工程與材料工程學系四年級,34021CH4051-*,化學工程與材料工程學系,四年級
化學工程與材料工程學系四年級,34024CH4062-*,化學工程與材料工程學系,四年級
化學工程與材料工程學系四年級,34025CH4071-*,化學工程與材料工程學系,四年級
化學工程與材料工程學系四年級,34026CH4072-*,化學工程與材料工程學系,四年級
化學工程與材料工程學系四年級,34027CH4076-*,化學工程與材料工程學系,四年級
化學工程與材料工程學系四年級,34028CH4078-*,化學工程與材料工程學系,四年級
化學工程與材料工程學系四年級,34038CH8132-*,化學工程與材料工程學系,四年級
化學工程與材料工程學系四年級,34039CH8134-*,化學工程與材料工程學系,四年級
工學院學士班不分類,21006MA1002-F,工學院學士班,不分類
工學院學士班不分類,21009MA1004-C,工學院學士班,不分類
工學院學士班不分類,21010MA1004-D,工學院學士班,不分類
工學院學士班不分類,21011MA1004-E,工學院學士班,不分類
工學院學士班不分類,21012MA1004-F,工學院學士班,不分類
工學院學士班不分類,31001EI2101-*,工學院學士班,不分類
工學院學士班不分類,31003EI3103-*,工學院學士班,不分類
工學院學士班不分類,32006CI2007-A,工學院學士班,不分類
工學院學士班不分類,32007CI2007-B,工學院學士班,不分類
工學院學士班不分類,32008CI2018-A,工學院學士班,不分類
工學院學士班不分類,32009CI2018-B,工學院學士班,不分類
工學院學士班不分類,32011CI2019-A,工學院學士班,不分類
工學院學士班不分類,32012CI2019-B,工學院學士班,不分類
工學院學士班不分類,32013CI2020-*,工學院學士班,不分類
工學院學士班不分類,32014CI3003-A,工學院學士班,不分類
工學院學士班不分類,32015CI3003-B,工學院學士班,不分類
工學院學士班不分類,32016CI3003-C,工學院學士班,不分類
工學院學士班不分類,32019CI3036-A,工學院學士班,不分類
工學院學士班不分類,32020CI3036-B,工學院學士班,不分類
工學院學士班不分類,32021CI3036-C,工學院學士班,不分類
工學院學士班不分類,32022CI3036-D,工學院學士班,不分類
工學院學士班不分類,32030CI4010-*,工學院學士班,不分類
工學院學士班不分類,33036ME3096-A,工學院學士班,不分類
工學院學士班不分類,33037ME3096-B,工學院學士班,不分類
工學院學士班不分類,33038ME3096-C,工學院學士班,不分類
工學院學士班不分類,33053ME4110-*,工學院學士班,不分類
工學院學士班不分類,38004ER6008-*,工學院學士班,不分類
工學院學士班一年級,00045LN1002-C,工學院學士班,一年級
工學院學士班一年級,00046LN1002-D,工學院學士班,一年級
工學院學士班一年級,00050LN1002-H,工學院學士班,一年級
工學院學士班一年級,00051LN1002-I,工學院學士班,一年級
工學院學士班一年級,00056LN1002-N,工學院學士班,一年級
工學院學士班一年級,01006PE1022-F,工學院學士班,一年級
工學院學士班一年級,01010PE1022-J,工學院學士班,一年級
工學院學士班一年級,11031CL0201-O,工學院學士班,一年級
工學院學士班一年級,11032CL0201-P,工學院學士班,一年級
工學院學士班一年級,11033CL0201-Q,工學院學士班,一年級
工學院學士班一年級,11034CL0201-R,工學院學士班,一年級
工學院學士班一年級,11035CL0201-S,工學院學士班,一年級
工學院學士班一年級,11036CL0201-T,工學院學士班,一年級
工學院學士班一年級,11037CL0201-U,工學院學士班,一年級
工學院學士班一年級,11038CL0201-V,工學院學士班,一年級
工學院學士班一年級,21006MA1002-F,工學院學士班,一年級
工學院學士班一年級,21009MA1004-C,工學院學士班,一年級
工學院學士班一年級,21010MA1004-D,工學院學士班,一年級
工學院學士班一年級,21011MA1004-E,工學院學士班,一年級
工學院學士班一年級,21012MA1004-F,工學院學士班,一年級
工學院學士班一年級,22007PH1024-A,工學院學士班,一年級
工學院學士班一年級,22008PH1024-B,工學院學士班,一年級
工學院學士班一年級,22009PH1024-C,工學院學士班,一年級
工學院學士班一年級,22025PH1036-A,工學院學士班,一年級
工學院學士班一年級,22026PH1036-B,工學院學士班,一年級
工學院學士班一年級,22027PH1036-C,工學院學士班,一年級
工學院學士班二年級,31002EI2202-*,工學院學士班,二年級
工學院學士班二年級,33014ME2065-A,工學院學士班,二年級
工學院學士班二年級,33015ME2065-B,工學院學士班,二年級
工學院學士班二年級,33016ME2065-C,工學院學士班,二年級
工學院學士班三年級,31004EI3202-*,工學院學士班,三年級
工學院學士班三年級,33028ME3056-*,工學院學士班,三年級
工學院學士班三年級,33094OM5003-*,工學院學士班,三年級
工學院學士班四年級,31005EI4301-*,工學院學士班,四年級
工學院學士班四年級,33028ME3056-*,工學院學士班,四年級
工學院學士班四年級,33094OM5003-*,工學院學士班,四年級
管理學院不分類,94005MT1012-Z,管理學院,不分類
管理學院不分類,94011MT2001-*,管理學院,不分類
管理學院不分類,94017MT3001-*,管理學院,不分類
管理學院不分類,94018MT3004-*,管理學院,不分類
管理學院不分類,94019MT4001-B,管理學院,不分類
管理學院不分類,94020MT4004-*,管理學院,不分類
管理學院不分類,94021MT4016-*,管理學院,不分類
管理學院不分類,94022MT5001-*,管理學院,不分類
管理學院不分類,94023MT6014-*,管理學院,不分類
管理學院不分類,94024MT6015-*,管理學院,不分類
管理學院不分類,94025MT6016-*,管理學院,不分類
企業管理學系不分類,21006MA1002-F,企業管理學系,不分類
企業管理學系不分類,21015MA1006-A,企業管理學系,不分類
企業管理學系不分類,21016MA1006-B,企業管理學系,不分類
企業管理學系不分類,21017MA1006-C,企業管理學系,不分類
企業管理學系不分類,21018MA1006-D,企業管理學系,不分類
企業管理學系不分類,41040BA7114-*,企業管理學系,不分類
企業管理學系不分類,41041BA7116-*,企業管理學系,不分類
企業管理學系不分類,41045BA7132-*,企業管理學系,不分類
企業管理學系不分類,41047BA7138-*,企業管理學系,不分類
企業管理學系不分類,41048BA7139-*,企業管理學系,不分類
企業管理學系一年級,00072LN1006-B,企業管理學系,一年級
企業管理學系一年級,00075LN1006-E,企業管理學系,一年級
企業管理學系一年級,00076LN1006-F,企業管理學系,一年級
企業管理學系一年級,00079LN1006-I,企業管理學系,一年級
企業管理學系一年級,01004PE1022-D,企業管理學系,一年級
企業管理學系一年級,01005PE1022-E,企業管理學系,一年級
企業管理學系一年級,08020SC0004-U,企業管理學系,一年級
企業管理學系一年級,08021SC0004-V,企業管理學系,一年級
企業管理學系一年級,11004CL0127-C,企業管理學系,一年級
企業管理學系一年級,11010CL0137-*,企業管理學系,一年級
企業管理學系一年級,11014CL0148-*,企業管理學系,一年級
企業管理學系一年級,11016CL0151-*,企業管理學系,一年級
企業管理學系一年級,21006MA1002-F,企業管理學系,一年級
企業管理學系一年級,21015MA1006-A,企業管理學系,一年級
企業管理學系一年級,21016MA1006-B,企業管理學系,一年級
企業管理學系一年級,21017MA1006-C,企業管理學系,一年級
企業管理學系一年級,21018MA1006-D,企業管理學系,一年級
企業管理學系一年級,41001BA1003-A,企業管理學系,一年級
企業管理學系一年級,41002BA1003-B,企業管理學系,一年級
企業管理學系一年級,94001MT1012-A,企業管理學系,一年級
企業管理學系一年級,94007MT1032-A,企業管理學系,一年級
企業管理學系二年級,41003BA2014-A,企業管理學系,二年級
企業管理學系二年級,41004BA2014-B,企業管理學系,二年級
企業管理學系二年級,41006BA3001-A,企業管理學系,二年級
企業管理學系二年級,41007BA3001-B,企業管理學系,二年級
企業管理學系二年級,41010BA3004-*,企業管理學系,二年級
企業管理學系二年級,41011BA3005-A,企業管理學系,二年級
企業管理學系二年級,41012BA3005-B,企業管理學系,二年級
企業管理學系二年級,41023BA5070-*,企業管理學系,二年級
企業管理學系二年級,94012MT2042-A,企業管理學系,二年級
企業管理學系二年級,94013MT2042-B,企業管理學系,二年級
企業管理學系三年級,41005BA2023-*,企業管理學系,三年級
企業管理學系三年級,41008BA3003-A,企業管理學系,三年級
企業管理學系三年級,41009BA3003-B,企業管理學系,三年級
企業管理學系三年級,41013BA4011-*,企業管理學系,三年級
企業管理學系三年級,41016BA4100-*,企業管理學系,三年級
企業管理學系三年級,41017BA5029-*,企業管理學系,三年級
企業管理學系三年級,41018BA5040-*,企業管理學系,三年級
企業管理學系三年級,41019BA5041-*,企業管理學系,三年級
企業管理學系三年級,41020BA5049-*,企業管理學系,三年級
企業管理學系三年級,41021BA5062-*,企業管理學系,三年級
企業管理學系三年級,41022BA5064-*,企業管理學系,三年級
企業管理學系三年級,41023BA5070-*,企業管理學系,三年級
企業管理學系三年級,41027BA6038-*,企業管理學系,三年級
企業管理學系三年級,41030BA6075-*,企業管理學系,三年級
企業管理學系三年級,41034BA7082-*,企業管理學系,三年級
企業管理學系三年級,41039BA7112-*,企業管理學系,三年級
企業管理學系三年級,41041BA7116-*,企業管理學系,三年級
企業管理學系三年級,41042BA7123-*,企業管理學系,三年級
企業管理學系三年級,41043BA7126-*,企業管理學系,三年級
企業管理學系三年級,41046BA7134-*,企業管理學系,三年級
企業管理學系三年級,41047BA7138-*,企業管理學系,三年級
企業管理學系三年級,41048BA7139-*,企業管理學系,三年級
企業管理學系四年級,41005BA2023-*,企業管理學系,四年級
企業管理學系四年級,41013BA4011-*,企業管理學系,四年級
企業管理學系四年級,41014BA4086-A,企業管理學系,四年級
企業管理學系四年級,41015BA4086-B,企業管理學系,四年級
企業管理學系四年級,41016BA4100-*,企業管理學系,四年級
企業管理學系四年級,41017BA5029-*,企業管理學系,四年級
企業管理學系四年級,41018BA5040-*,企業管理學系,四年級
企業管理學系四年級,41019BA5041-*,企業管理學系,四年級
企業管理學系四年級,41020BA5049-*,企業管理學系,四年級
企業管理學系四年級,41021BA5062-*,企業管理學系,四年級
企業管理學系四年級,41022BA5064-*,企業管理學系,四年級
企業管理學系四年級,41023BA5070-*,企業管理學系,四年級
企業管理學系四年級,41027BA6038-*,企業管理學系,四年級
企業管理學系四年級,41034BA7082-*,企業管理學系,四年級
企業管理學系四年級,41039BA7112-*,企業管理學系,四年級
企業管理學系四年級,41041BA7116-*,企業管理學系,四年級
企業管理學系四年級,41042BA7123-*,企業管理學系,四年級
企業管理學系四年級,41043BA7126-*,企業管理學系,四年級
企業管理學系四年級,41046BA7134-*,企業管理學系,四年級
企業管理學系四年級,41047BA7138-*,企業管理學系,四年級
企業管理學系四年級,41048BA7139-*,企業管理學系,四年級
資訊管理學系不分類,21006MA1002-F,資訊管理學系,不分類
資訊管理學系不分類,21015MA1006-A,資訊管理學系,不分類
資訊管理學系不分類,21016MA1006-B,資訊管理學系,不分類
資訊管理學系不分類,21017MA1006-C,資訊管理學系,不分類
資訊管理學系不分類,21018MA1006-D,資訊管理學系,不分類
資訊管理學系不分類,43020IM3079-*,資訊管理學系,不分類
資訊管理學系一年級,00071LN1006-A,資訊管理學系,一年級
資訊管理學系一年級,00073LN1006-C,資訊管理學系,一年級
資訊管理學系一年級,00074LN1006-D,資訊管理學系,一年級
資訊管理學系一年級,00077LN1006-G,資訊管理學系,一年級
資訊管理學系一年級,00078LN1006-H,資訊管理學系,一年級
資訊管理學系一年級,01007PE1022-G,資訊管理學系,一年級
資訊管理學系一年級,01020PE1022-T,資訊管理學系,一年級
資訊管理學系一年級,08022SC0004-W,資訊管理學系,一年級
資訊管理學系一年級,08023SC0004-X,資訊管理學系,一年級
資訊管理學系一年級,11002CL0127-A,資訊管理學系,一年級
資訊管理學系一年級,11006CL0131-*,資訊管理學系,一年級
資訊管理學系一年級,11009CL0134-*,資訊管理學系,一年級
資訊管理學系一年級,11011CL0139-*,資訊管理學系,一年級
資訊管理學系一年級,21006MA1002-F,資訊管理學系,一年級
資訊管理學系一年級,21015MA1006-A,資訊管理學系,一年級
資訊管理學系一年級,21016MA1006-B,資訊管理學系,一年級
資訊管理學系一年級,21017MA1006-C,資訊管理學系,一年級
資訊管理學系一年級,21018MA1006-D,資訊管理學系,一年級
資訊管理學系一年級,43001IM1018-*,資訊管理學系,一年級
資訊管理學系一年級,43002IM1023-A,資訊管理學系,一年級
資訊管理學系一年級,43003IM1023-B,資訊管理學系,一年級
資訊管理學系一年級,94008MT1032-E,資訊管理學系,一年級
資訊管理學系二年級,43004IM2002-*,資訊管理學系,二年級
資訊管理學系二年級,43014IM3029-A,資訊管理學系,二年級
資訊管理學系二年級,43015IM3029-B,資訊管理學系,二年級
資訊管理學系二年級,43018IM3061-*,資訊管理學系,二年級
資訊管理學系二年級,43021IM4055-*,資訊管理學系,二年級
資訊管理學系二年級,94002MT1012-E,資訊管理學系,二年級
資訊管理學系二年級,94014MT2042-E,資訊管理學系,二年級
資訊管理學系三年級,43005IM2037-*,資訊管理學系,三年級
資訊管理學系三年級,43006IM3026-*,資訊管理學系,三年級
資訊管理學系三年級,43007IM3028-A,資訊管理學系,三年級
資訊管理學系三年級,43008IM3028-B,資訊管理學系,三年級
資訊管理學系三年級,43009IM3028-C,資訊管理學系,三年級
資訊管理學系三年級,43010IM3028-D,資訊管理學系,三年級
資訊管理學系三年級,43011IM3028-E,資訊管理學系,三年級
資訊管理學系三年級,43012IM3028-F,資訊管理學系,三年級
資訊管理學系三年級,43013IM3028-G,資訊管理學系,三年級
資訊管理學系三年級,43016IM3031-*,資訊管理學系,三年級
資訊管理學系三年級,43017IM3058-*,資訊管理學系,三年級
資訊管理學系三年級,43019IM3078-*,資訊管理學系,三年級
資訊管理學系三年級,43021IM4055-*,資訊管理學系,三年級
資訊管理學系四年級,41016BA4100-*,資訊管理學系,四年級
資訊管理學系四年級,43006IM3026-*,資訊管理學系,四年級
資訊管理學系四年級,43017IM3058-*,資訊管理學系,四年級
資訊管理學系四年級,43021IM4055-*,資訊管理學系,四年級
資訊管理學系四年級,43028IM5033-*,資訊管理學系,四年級
資訊管理學系四年級,43032IM6100-*,資訊管理學系,四年級
財務金融學系不分類,21006MA1002-F,財務金融學系,不分類
財務金融學系不分類,21015MA1006-A,財務金融學系,不分類
財務金融學系不分類,21016MA1006-B,財務金融學系,不分類
財務金融學系不分類,21017MA1006-C,財務金融學系,不分類
財務金融學系不分類,21018MA1006-D,財務金融學系,不分類
財務金融學系不分類,48003FM2030-*,財務金融學系,不分類
財務金融學系不分類,48009FM3017-*,財務金融學系,不分類
財務金融學系不分類,48030FM6108-*,財務金融學系,不分類
財務金融學系一年級,00071LN1006-A,財務金融學系,一年級
財務金融學系一年級,00073LN1006-C,財務金融學系,一年級
財務金融學系一年級,00074LN1006-D,財務金融學系,一年級
財務金融學系一年級,00077LN1006-G,財務金融學系,一年級
財務金融學系一年級,00078LN1006-H,財務金融學系,一年級
財務金融學系一年級,01002PE1022-B,財務金融學系,一年級
財務金融學系一年級,08025SC0004-Z,財務金融學系,一年級
財務金融學系一年級,11039CL0201-W,財務金融學系,一年級
財務金融學系一年級,11040CL0201-X,財務金融學系,一年級
財務金融學系一年級,11041CL0201-Y,財務金融學系,一年級
財務金融學系一年級,11042CL0201-Z,財務金融學系,一年級
財務金融學系一年級,21006MA1002-F,財務金融學系,一年級
財務金融學系一年級,21015MA1006-A,財務金融學系,一年級
財務金融學系一年級,21016MA1006-B,財務金融學系,一年級
財務金融學系一年級,21017MA1006-C,財務金融學系,一年級
財務金融學系一年級,21018MA1006-D,財務金融學系,一年級
財務金融學系一年級,48001FM1011-*,財務金融學系,一年級
財務金融學系一年級,94003MT1012-F,財務金融學系,一年級
財務金融學系一年級,94009MT1032-F,財務金融學系,一年級
財務金融學系二年級,48002FM2004-*,財務金融學系,二年級
財務金融學系二年級,48004FM2032-*,財務金融學系,二年級
財務金融學系二年級,48005FM2036-*,財務金融學系,二年級
財務金融學系二年級,48013FM3048-*,財務金融學系,二年級
財務金融學系二年級,94015MT2042-F,財務金融學系,二年級
財務金融學系三年級,48006FM3004-*,財務金融學系,三年級
財務金融學系三年級,48007FM3005-*,財務金融學系,三年級
財務金融學系三年級,48008FM3007-*,財務金融學系,三年級
財務金融學系三年級,48010FM3026-*,財務金融學系,三年級
財務金融學系三年級,48011FM3029-*,財務金融學系,三年級
財務金融學系三年級,48012FM3035-*,財務金融學系,三年級
財務金融學系三年級,48013FM3048-*,財務金融學系,三年級
財務金融學系三年級,48014FM3050-*,財務金融學系,三年級
財務金融學系三年級,48015FM4001-*,財務金融學系,三年級
財務金融學系三年級,48016FM4003-*,財務金融學系,三年級
財務金融學系三年級,48018FM4033-*,財務金融學系,三年級
財務金融學系三年級,48019FM4041-*,財務金融學系,三年級
財務金融學系三年級,48020FM5005-*,財務金融學系,三年級
財務金融學系三年級,48021FM5010-*,財務金融學系,三年級
財務金融學系三年級,48031FM6111-*,財務金融學系,三年級
財務金融學系三年級,48032FM6114-*,財務金融學系,三年級
財務金融學系四年級,48008FM3007-*,財務金融學系,四年級
財務金融學系四年級,48010FM3026-*,財務金融學系,四年級
財務金融學系四年級,48014FM3050-*,財務金融學系,四年級
財務金融學系四年級,48016FM4003-*,財務金融學系,四年級
財務金融學系四年級,48017FM4013-*,財務金融學系,四年級
財務金融學系四年級,48018FM4033-*,財務金融學系,四年級
財務金融學系四年級,48019FM4041-*,財務金融學系,四年級
財務金融學系四年級,48020FM5005-*,財務金融學系,四年級
財務金融學系四年級,48021FM5010-*,財務金融學系,四年級
財務金融學系四年級,48026FM6063-*,財務金融學系,四年級
財務金融學系四年級,48029FM6100-*,財務金融學系,四年級
財務金融學系四年級,48031FM6111-*,財務金融學系,四年級
財務金融學系四年級,48032FM6114-*,財務金融學系,四年級
經濟學系不分類,21006MA1002-F,經濟學系,不分類
經濟學系不分類,21015MA1006-A,經濟學系,不分類
經濟學系不分類,21016MA1006-B,經濟學系,不分類
經濟學系不分類,21017MA1006-C,經濟學系,不分類
經濟學系不分類,21018MA1006-D,經濟學系,不分類
經濟學系不分類,44011EC3073-*,經濟學系,不分類
經濟學系不分類,44025EC7057-*,經濟學系,不分類
經濟學系一年級,00072LN1006-B,經濟學系,一年級
經濟學系一年級,00075LN1006-E,經濟學系,一年級
經濟學系一年級,00076LN1006-F,經濟學系,一年級
經濟學系一年級,00079LN1006-I,經濟學系,一年級
經濟學系一年級,01003PE1022-C,經濟學系,一年級
經濟學系一年級,08024SC0004-Y,經濟學系,一年級
經濟學系一年級,11039CL0201-W,經濟學系,一年級
經濟學系一年級,11040CL0201-X,經濟學系,一年級
經濟學系一年級,11041CL0201-Y,經濟學系,一年級
經濟學系一年級,11042CL0201-Z,經濟學系,一年級
經濟學系一年級,21006MA1002-F,經濟學系,一年級
經濟學系一年級,21015MA1006-A,經濟學系,一年級
經濟學系一年級,21016MA1006-B,經濟學系,一年級
經濟學系一年級,21017MA1006-C,經濟學系,一年級
經濟學系一年級,21018MA1006-D,經濟學系,一年級
經濟學系一年級,94004MT1012-G,經濟學系,一年級
經濟學系一年級,94006MT1021-G,經濟學系,一年級
經濟學系一年級,94010MT1032-G,經濟學系,一年級
經濟學系二年級,44001EC2004-*,經濟學系,二年級
經濟學系二年級,44002EC2006-*,經濟學系,二年級
經濟學系二年級,44005EC2061-*,經濟學系,二年級
經濟學系二年級,44006EC2064-*,經濟學系,二年級
經濟學系二年級,94016MT2042-G,經濟學系,二年級
經濟學系三年級,44003EC2037-*,經濟學系,三年級
經濟學系三年級,44004EC2054-*,經濟學系,三年級
經濟學系三年級,44005EC2061-*,經濟學系,三年級
經濟學系三年級,44006EC2064-*,經濟學系,三年級
經濟學系三年級,44007EC3018-*,經濟學系,三年級
經濟學系三年級,44008EC3035-*,經濟學系,三年級
經濟學系三年級,44009EC3054-*,經濟學系,三年級
經濟學系三年級,44010EC3072-*,經濟學系,三年級
經濟學系三年級,44012EC3079-*,經濟學系,三年級
經濟學系三年級,44013EC3117-*,經濟學系,三年級
經濟學系三年級,44014EC3122-*,經濟學系,三年級
經濟學系三年級,44015EC4018-*,經濟學系,三年級
經濟學系三年級,44016EC4080-*,經濟學系,三年級
經濟學系三年級,44018EC5028-*,經濟學系,三年級
經濟學系三年級,44020EC5038-*,經濟學系,三年級
經濟學系四年級,44003EC2037-*,經濟學系,四年級
經濟學系四年級,44004EC2054-*,經濟學系,四年級
經濟學系四年級,44005EC2061-*,經濟學系,四年級
經濟學系四年級,44006EC2064-*,經濟學系,四年級
經濟學系四年級,44007EC3018-*,經濟學系,四年級
經濟學系四年級,44008EC3035-*,經濟學系,四年級
經濟學系四年級,44009EC3054-*,經濟學系,四年級
經濟學系四年級,44010EC3072-*,經濟學系,四年級
經濟學系四年級,44012EC3079-*,經濟學系,四年級
經濟學系四年級,44013EC3117-*,經濟學系,四年級
經濟學系四年級,44014EC3122-*,經濟學系,四年級
經濟學系四年級,44015EC4018-*,經濟學系,四年級
經濟學系四年級,44016EC4080-*,經濟學系,四年級
經濟學系四年級,44018EC5028-*,經濟學系,四年級
經濟學系四年級,44020EC5038-*,經濟學系,四年級
電機工程學系不分類,21006MA1002-F,電機工程學系,不分類
電機工程學系不分類,21013MA1004-G,電機工程學系,不分類
電機工程學系不分類,51011EE2025-*,電機工程學系,不分類
電機工程學系不分類,51017EE3038-*,電機工程學系,不分類
電機工程學系不分類,51024EE3057-*,電機工程學系,不分類
電機工程學系不分類,51025EE3058-*,電機工程學系,不分類
電機工程學系不分類,51026EE3059-*,電機工程學系,不分類
電機工程學系不分類,51038EE5022-*,電機工程學系,不分類
電機工程學系不分類,51055EE8015-*,電機工程學系,不分類
電機工程學系不分類,51068EE6084-H,電機工程學系,不分類
電機工程學系不分類,51069EE3055-*,電機工程學系,不分類
電機工程學系不分類,51070EE4009-*,電機工程學系,不分類
電機工程學系不分類,51071EE3044-*,電機工程學系,不分類
電機工程學系一年級,00047LN1002-E,電機工程學系,一年級
電機工程學系一年級,00052LN1002-J,電機工程學系,一年級
電機工程學系一年級,00053LN1002-K,電機工程學系,一年級
電機工程學系一年級,00057LN1002-O,電機工程學系,一年級
電機工程學系一年級,00058LN1002-P,電機工程學系,一年級
電機工程學系一年級,01021PE1022-U,電機工程學系,一年級
電機工程學系一年級,01022PE1022-V,電機工程學系,一年級
電機工程學系一年級,08015SC0004-P,電機工程學系,一年級
電機工程學系一年級,08016SC0004-Q,電機工程學系,一年級
電機工程學系一年級,11001CL0126-*,電機工程學系,一年級
電機工程學系一年級,11003CL0127-B,電機工程學系,一年級
電機工程學系一年級,11007CL0132-*,電機工程學系,一年級
電機工程學系一年級,11012CL0143-*,電機工程學系,一年級
電機工程學系一年級,11015CL0149-*,電機工程學系,一年級
電機工程學系一年級,21006MA1002-F,電機工程學系,一年級
電機工程學系一年級,21013MA1004-G,電機工程學系,一年級
電機工程學系一年級,22004PH1004-O,電機工程學系,一年級
電機工程學系一年級,22005PH1004-P,電機工程學系,一年級
電機工程學系一年級,22019PH1032-E,電機工程學系,一年級
電機工程學系一年級,22020PH1032-F,電機工程學系,一年級
電機工程學系一年級,51001EE1006-A,電機工程學系,一年級
電機工程學系一年級,51002EE1006-B,電機工程學系,一年級
電機工程學系一年級,51003EE1010-A,電機工程學系,一年級
電機工程學系一年級,51004EE1010-B,電機工程學系,一年級
電機工程學系一年級,51005EE2002-*,電機工程學系,一年級
電機工程學系二年級,51006EE2009-A,電機工程學系,二年級
電機工程學系二年級,51007EE2009-B,電機工程學系,二年級
電機工程學系二年級,51008EE2015-A,電機工程學系,二年級
電機工程學系二年級,51009EE2015-B,電機工程學系,二年級
電機工程學系二年級,51010EE2023-*,電機工程學系,二年級
電機工程學系二年級,51012EE2028-A,電機工程學系,二年級
電機工程學系二年級,51013EE2028-B,電機工程學系,二年級
電機工程學系二年級,51014EE3009-*,電機工程學系,二年級
電機工程學系二年級,51018EE3046-*,電機工程學系,二年級
電機工程學系三年級,51015EE3014-*,電機工程學系,三年級
電機工程學系三年級,51016EE3029-*,電機工程學系,三年級
電機工程學系三年級,51019EE3049-*,電機工程學系,三年級
電機工程學系三年級,51020EE3050-*,電機工程學系,三年級
電機工程學系三年級,51021EE3051-*,電機工程學系,三年級
電機工程學系三年級,51022EE3052-*,電機工程學系,三年級
電機工程學系三年級,51023EE3053-*,電機工程學系,三年級
電機工程學系三年級,51027EE4004-*,電機工程學系,三年級
電機工程學系三年級,51028EE4012-*,電機工程學系,三年級
電機工程學系三年級,51029EE4013-*,電機工程學系,三年級
電機工程學系三年級,51033EE4032-*,電機工程學系,三年級
電機工程學系三年級,51034EE4034-*,電機工程學系,三年級
電機工程學系三年級,51035EE4036-*,電機工程學系,三年級
電機工程學系三年級,51051EE7080-*,電機工程學系,三年級
電機工程學系四年級,51019EE3049-*,電機工程學系,四年級
電機工程學系四年級,51020EE3050-*,電機工程學系,四年級
電機工程學系四年級,51021EE3051-*,電機工程學系,四年級
電機工程學系四年級,51022EE3052-*,電機工程學系,四年級
電機工程學系四年級,51023EE3053-*,電機工程學系,四年級
電機工程學系四年級,51027EE4004-*,電機工程學系,四年級
電機工程學系四年級,51029EE4013-*,電機工程學系,四年級
電機工程學系四年級,51030EE4020-*,電機工程學系,四年級
電機工程學系四年級,51031EE4023-*,電機工程學系,四年級
電機工程學系四年級,51032EE4028-*,電機工程學系,四年級
電機工程學系四年級,51033EE4032-*,電機工程學系,四年級
電機工程學系四年級,51039EE6012-*,電機工程學系,四年級
電機工程學系四年級,51051EE7080-*,電機工程學系,四年級
資訊工程學系不分類,21006MA1002-F,資訊工程學系,不分類
資訊工程學系不分類,21014MA1004-H,資訊工程學系,不分類
資訊工程學系不分類,52012CE2036-*,資訊工程學系,不分類
資訊工程學系一年級,00054LN1002-L,資訊工程學系,一年級
資訊工程學系一年級,00059LN1002-Q,資訊工程學系,一年級
資訊工程學系一年級,00060LN1002-R,資訊工程學系,一年級
資訊工程學系一年級,01001PE1022-A,資訊工程學系,一年級
資訊工程學系一年級,01008PE1022-H,資訊工程學系,一年級
資訊工程學系一年級,08017SC0004-R,資訊工程學系,一年級
資訊工程學系一年級,08018SC0004-S,資訊工程學系,一年級
資訊工程學系一年級,11001CL0126-*,資訊工程學系,一年級
資訊工程學系一年級,11003CL0127-B,資訊工程學系,一年級
資訊工程學系一年級,11007CL0132-*,資訊工程學系,一年級
資訊工程學系一年級,11012CL0143-*,資訊工程學系,一年級
資訊工程學系一年級,11015CL0149-*,資訊工程學系,一年級
資訊工程學系一年級,21006MA1002-F,資訊工程學系,一年級
資訊工程學系一年級,21014MA1004-H,資訊工程學系,一年級
資訊工程學系一年級,52001CE1002-*,資訊工程學系,一年級
資訊工程學系一年級,52002CE1004-A,資訊工程學系,一年級
資訊工程學系一年級,52003CE1004-B,資訊工程學系,一年級
資訊工程學系一年級,52004CE1006-A,資訊工程學系,一年級
資訊工程學系一年級,52005CE1006-B,資訊工程學系,一年級
資訊工程學系一年級,52008CE2008-*,資訊工程學系,一年級
資訊工程學系一年級,52010CE2010-A,資訊工程學系,一年級
資訊工程學系一年級,52011CE2010-B,資訊工程學系,一年級
資訊工程學系二年級,52006CE2004-A,資訊工程學系,二年級
資訊工程學系二年級,52007CE2004-B,資訊工程學系,二年級
資訊工程學系二年級,52009CE2009-*,資訊工程學系,二年級
資訊工程學系二年級,52013CE3001-*,資訊工程學系,二年級
資訊工程學系二年級,52014CE3002-A,資訊工程學系,二年級
資訊工程學系二年級,52015CE3002-B,資訊工程學系,二年級
資訊工程學系二年級,52016CE3005-A,資訊工程學系,二年級
資訊工程學系二年級,52017CE3005-B,資訊工程學系,二年級
資訊工程學系三年級,52009CE2009-*,資訊工程學系,三年級
資訊工程學系三年級,52018CE3008-*,資訊工程學系,三年級
資訊工程學系三年級,52019CE3068-*,資訊工程學系,三年級
資訊工程學系三年級,52020CE4001-A,資訊工程學系,三年級
資訊工程學系三年級,52021CE4001-B,資訊工程學系,三年級
資訊工程學系三年級,52022CE4001-C,資訊工程學系,三年級
資訊工程學系三年級,52023CE4001-D,資訊工程學系,三年級
資訊工程學系三年級,52024CE4001-E,資訊工程學系,三年級
資訊工程學系三年級,52025CE4001-F,資訊工程學系,三年級
資訊工程學系三年級,52027CE5033-*,資訊工程學系,三年級
資訊工程學系三年級,52031CE5081-*,資訊工程學系,三年級
資訊工程學系三年級,52033CE5087-*,資訊工程學系,三年級
資訊工程學系三年級,52034CE5088-*,資訊工程學系,三年級
資訊工程學系三年級,52041CE6103-*,資訊工程學系,三年級
資訊工程學系三年級,52043CE6137-*,資訊工程學系,三年級
資訊工程學系三年級,52047CE6166-*,資訊工程學系,三年級
資訊工程學系三年級,52048CE6167-*,資訊工程學系,三年級
資訊工程學系三年級,52049CE6168-*,資訊工程學系,三年級
資訊工程學系三年級,52056CE7076-*,資訊工程學系,三年級
資訊工程學系三年級,52058CE8014-*,資訊工程學系,三年級
資訊工程學系三年級,52067SE6030-*,資訊工程學系,三年級
資訊工程學系三年級,52070CE3071-*,資訊工程學系,三年級
資訊工程學系三年級,52071CE5061-*,資訊工程學系,三年級
資訊工程學系四年級,52009CE2009-*,資訊工程學系,四年級
資訊工程學系四年級,52018CE3008-*,資訊工程學系,四年級
資訊工程學系四年級,52019CE3068-*,資訊工程學系,四年級
資訊工程學系四年級,52026CE4002-*,資訊工程學系,四年級
資訊工程學系四年級,52027CE5033-*,資訊工程學系,四年級
資訊工程學系四年級,52031CE5081-*,資訊工程學系,四年級
資訊工程學系四年級,52033CE5087-*,資訊工程學系,四年級
資訊工程學系四年級,52034CE5088-*,資訊工程學系,四年級
資訊工程學系四年級,52039CE6039-*,資訊工程學系,四年級
資訊工程學系四年級,52041CE6103-*,資訊工程學系,四年級
資訊工程學系四年級,52043CE6137-*,資訊工程學系,四年級
資訊工程學系四年級,52047CE6166-*,資訊工程學系,四年級
資訊工程學系四年級,52048CE6167-*,資訊工程學系,四年級
資訊工程學系四年級,52049CE6168-*,資訊工程學系,四年級
資訊工程學系四年級,52056CE7076-*,資訊工程學系,四年級
資訊工程學系四年級,52058CE8014-*,資訊工程學系,四年級
資訊工程學系四年級,52067SE6030-*,資訊工程學系,四年級
資訊工程學系四年級,52070CE3071-*,資訊工程學系,四年級
資訊工程學系四年級,52071CE5061-*,資訊工程學系,四年級
通訊工程學系不分類,21006MA1002-F,通訊工程學系,不分類
通訊工程學系不分類,21014MA1004-H,通訊工程學系,不分類
通訊工程學系一年級,00047LN1002-E,通訊工程學系,一年級
通訊工程學系一年級,00052LN1002-J,通訊工程學系,一年級
通訊工程學系一年級,00053LN1002-K,通訊工程學系,一年級
通訊工程學系一年級,00057LN1002-O,通訊工程學系,一年級
通訊工程學系一年級,00058LN1002-P,通訊工程學系,一年級
通訊工程學系一年級,01017PE1022-Q,通訊工程學系,一年級
通訊工程學系一年級,08019SC0004-T,通訊工程學系,一年級
通訊工程學系一年級,11001CL0126-*,通訊工程學系,一年級
通訊工程學系一年級,11003CL0127-B,通訊工程學系,一年級
通訊工程學系一年級,11007CL0132-*,通訊工程學系,一年級
通訊工程學系一年級,11012CL0143-*,通訊工程學系,一年級
通訊工程學系一年級,11015CL0149-*,通訊工程學系,一年級
通訊工程學系一年級,21006MA1002-F,通訊工程學系,一年級
通訊工程學系一年級,21014MA1004-H,通訊工程學系,一年級
通訊工程學系一年級,22003PH1004-I,通訊工程學系,一年級
通訊工程學系一年級,22018PH1032-D,通訊工程學系,一年級
通訊工程學系一年級,53001CO1006-*,通訊工程學系,一年級
通訊工程學系一年級,53002CO2001-*,通訊工程學系,一年級
通訊工程學系一年級,53006CO2011-*,通訊工程學系,一年級
通訊工程學系二年級,53003CO2004-*,通訊工程學系,二年級
通訊工程學系二年級,53004CO2006-*,通訊工程學系,二年級
通訊工程學系二年級,53005CO2010-*,通訊工程學系,二年級
通訊工程學系二年級,53008CO3003-*,通訊工程學系,二年級
通訊工程學系二年級,53009CO3004-*,通訊工程學系,二年級
通訊工程學系二年級,53010CO3005-*,通訊工程學系,二年級
通訊工程學系三年級,53007CO3002-*,通訊工程學系,三年級
通訊工程學系三年級,53011CO3008-*,通訊工程學系,三年級
通訊工程學系三年級,53012CO3020-*,通訊工程學系,三年級
通訊工程學系三年級,53013CO3024-*,通訊工程學系,三年級
通訊工程學系三年級,53014CO3026-*,通訊工程學系,三年級
通訊工程學系三年級,53015CO3027-*,通訊工程學系,三年級
通訊工程學系三年級,53016CO3028-*,通訊工程學系,三年級
通訊工程學系四年級,53017CO4003-*,通訊工程學系,四年級
資訊電機學院學士班不分類,08031SC0004-10,資訊電機學院學士班,不分類
資訊電機學院學士班不分類,21006MA1002-F,資訊電機學院學士班,不分類
資訊電機學院學士班不分類,21014MA1004-H,資訊電機學院學士班,不分類
資訊電機學院學士班不分類,52001CE1002-*,資訊電機學院學士班,不分類
資訊電機學院學士班不分類,52002CE1004-A,資訊電機學院學士班,不分類
資訊電機學院學士班不分類,52003CE1004-B,資訊電機學院學士班,不分類
資訊電機學院學士班不分類,52004CE1006-A,資訊電機學院學士班,不分類
資訊電機學院學士班不分類,52005CE1006-B,資訊電機學院學士班,不分類
資訊電機學院學士班不分類,52006CE2004-A,資訊電機學院學士班,不分類
資訊電機學院學士班不分類,52007CE2004-B,資訊電機學院學士班,不分類
資訊電機學院學士班不分類,52013CE3001-*,資訊電機學院學士班,不分類
資訊電機學院學士班不分類,52014CE3002-A,資訊電機學院學士班,不分類
資訊電機學院學士班不分類,52015CE3002-B,資訊電機學院學士班,不分類
資訊電機學院學士班不分類,52016CE3005-A,資訊電機學院學士班,不分類
資訊電機學院學士班不分類,52017CE3005-B,資訊電機學院學士班,不分類
資訊電機學院學士班不分類,56001IP2002-*,資訊電機學院學士班,不分類
資訊電機學院學士班一年級,00047LN1002-E,資訊電機學院學士班,一年級
資訊電機學院學士班一年級,00052LN1002-J,資訊電機學院學士班,一年級
資訊電機學院學士班一年級,00053LN1002-K,資訊電機學院學士班,一年級
資訊電機學院學士班一年級,00057LN1002-O,資訊電機學院學士班,一年級
資訊電機學院學士班一年級,00058LN1002-P,資訊電機學院學士班,一年級
資訊電機學院學士班一年級,01007PE1022-G,資訊電機學院學士班,一年級
資訊電機學院學士班一年級,01017PE1022-Q,資訊電機學院學士班,一年級
資訊電機學院學士班一年級,08015SC0004-P,資訊電機學院學士班,一年級
資訊電機學院學士班一年級,11001CL0126-*,資訊電機學院學士班,一年級
資訊電機學院學士班一年級,11003CL0127-B,資訊電機學院學士班,一年級
資訊電機學院學士班一年級,11007CL0132-*,資訊電機學院學士班,一年級
資訊電機學院學士班一年級,11012CL0143-*,資訊電機學院學士班,一年級
資訊電機學院學士班一年級,11015CL0149-*,資訊電機學院學士班,一年級
資訊電機學院學士班一年級,21006MA1002-F,資訊電機學院學士班,一年級
資訊電機學院學士班一年級,21014MA1004-H,資訊電機學院學士班,一年級
大氣科學學系不分類,21006MA1002-F,大氣科學學系,不分類
大氣科學學系不分類,61042AP8021-*,大氣科學學系,不分類
大氣科學學系一年級,00061LN1004-A,大氣科學學系,一年級
大氣科學學系一年級,00065LN1004-E,大氣科學學系,一年級
大氣科學學系一年級,00067LN1004-G,大氣科學學系,一年級
大氣科學學系一年級,01027PE1022-1,大氣科學學系,一年級
大氣科學學系一年級,08007SC0004-H,大氣科學學系,一年級
大氣科學學系一年級,11004CL0127-C,大氣科學學系,一年級
大氣科學學系一年級,11010CL0137-*,大氣科學學系,一年級
大氣科學學系一年級,11014CL0148-*,大氣科學學系,一年級
大氣科學學系一年級,11016CL0151-*,大氣科學學系,一年級
大氣科學學系一年級,21003MA1002-C,大氣科學學系,一年級
大氣科學學系一年級,21004MA1002-D,大氣科學學系,一年級
大氣科學學系一年級,21006MA1002-F,大氣科學學系,一年級
大氣科學學系一年級,21007MA1004-A,大氣科學學系,一年級
大氣科學學系一年級,21008MA1004-B,大氣科學學系,一年級
大氣科學學系一年級,22017PH1032-C,大氣科學學系,一年級
大氣科學學系一年級,23003CM1008-A,大氣科學學系,一年級
大氣科學學系一年級,23004CM1008-B,大氣科學學系,一年級
大氣科學學系一年級,23006CM1010-B,大氣科學學系,一年級
大氣科學學系一年級,61001AP1001-*,大氣科學學系,一年級
大氣科學學系一年級,61002AP1006-*,大氣科學學系,一年級
大氣科學學系一年級,61005AP2050-*,大氣科學學系,一年級
大氣科學學系二年級,61003AP2008-*,大氣科學學系,二年級
大氣科學學系二年級,61004AP2010-*,大氣科學學系,二年級
大氣科學學系二年級,61007AP3004-*,大氣科學學系,二年級
大氣科學學系三年級,61006AP3002-*,大氣科學學系,三年級
大氣科學學系三年級,61007AP3004-*,大氣科學學系,三年級
大氣科學學系三年級,61008AP3031-*,大氣科學學系,三年級
大氣科學學系三年級,61009AP3050-*,大氣科學學系,三年級
大氣科學學系三年級,61010AP3080-*,大氣科學學系,三年級
大氣科學學系三年級,61011AP3111-*,大氣科學學系,三年級
大氣科學學系三年級,61012AP4015-*,大氣科學學系,三年級
大氣科學學系三年級,61017AP4051-*,大氣科學學系,三年級
大氣科學學系三年級,61019AP4054-*,大氣科學學系,三年級
大氣科學學系四年級,33040ME3099-*,大氣科學學系,四年級
大氣科學學系四年級,61011AP3111-*,大氣科學學系,四年級
大氣科學學系四年級,61013AP4020-*,大氣科學學系,四年級
大氣科學學系四年級,61014AP4023-*,大氣科學學系,四年級
大氣科學學系四年級,61015AP4024-*,大氣科學學系,四年級
大氣科學學系四年級,61016AP4041-*,大氣科學學系,四年級
大氣科學學系四年級,61017AP4051-*,大氣科學學系,四年級
大氣科學學系四年級,61018AP4053-*,大氣科學學系,四年級
大氣科學學系四年級,61019AP4054-*,大氣科學學系,四年級
大氣科學學系四年級,61020AP4064-*,大氣科學學系,四年級
大氣科學學系四年級,61029AP6101-*,大氣科學學系,四年級
大氣科學學系四年級,61037AP8107-*,大氣科學學系,四年級
大氣科學學系四年級,61043AP4055-*,大氣科學學系,四年級
地球科學學系不分類,21006MA1002-F,地球科學學系,不分類
地球科學學系不分類,62069GP8009-*,地球科學學系,不分類
地球科學學系不分類,62070GP5026-*,地球科學學系,不分類
地球科學學系一年級,00061LN1004-A,地球科學學系,一年級
地球科學學系一年級,00065LN1004-E,地球科學學系,一年級
地球科學學系一年級,00067LN1004-G,地球科學學系,一年級
地球科學學系一年級,01019PE1022-S,地球科學學系,一年級
地球科學學系一年級,08008SC0004-I,地球科學學系,一年級
地球科學學系一年級,11008CL0133-*,地球科學學系,一年級
地球科學學系一年級,21003MA1002-C,地球科學學系,一年級
地球科學學系一年級,21004MA1002-D,地球科學學系,一年級
地球科學學系一年級,21006MA1002-F,地球科學學系,一年級
地球科學學系一年級,21007MA1004-A,地球科學學系,一年級
地球科學學系一年級,21008MA1004-B,地球科學學系,一年級
地球科學學系一年級,22021PH1032-G,地球科學學系,一年級
地球科學學系一年級,23005CM1010-A,地球科學學系,一年級
地球科學學系一年級,23006CM1010-B,地球科學學系,一年級
地球科學學系一年級,62001GP1014-*,地球科學學系,一年級
地球科學學系一年級,62002GP1017-*,地球科學學系,一年級
地球科學學系一年級,62003GP1020-*,地球科學學系,一年級
地球科學學系一年級,62007GP2032-A,地球科學學系,一年級
地球科學學系一年級,62008GP2032-B,地球科學學系,一年級
地球科學學系二年級,62004GP2002-*,地球科學學系,二年級
地球科學學系二年級,62005GP2014-*,地球科學學系,二年級
地球科學學系二年級,62006GP2020-*,地球科學學系,二年級
地球科學學系二年級,62009GP2035-*,地球科學學系,二年級
地球科學學系二年級,62010GP2057-*,地球科學學系,二年級
地球科學學系二年級,62011GP2059-*,地球科學學系,二年級
地球科學學系二年級,62012GP2065-*,地球科學學系,二年級
地球科學學系二年級,62013GP2067-*,地球科學學系,二年級
地球科學學系二年級,62014GP2068-*,地球科學學系,二年級
地球科學學系三年級,62015GP3008-*,地球科學學系,三年級
地球科學學系三年級,62016GP3012-*,地球科學學系,三年級
地球科學學系三年級,62017GP3014-*,地球科學學系,三年級
地球科學學系三年級,62018GP3015-*,地球科學學系,三年級
地球科學學系三年級,62019GP3019-*,地球科學學系,三年級
地球科學學系三年級,62020GP3024-*,地球科學學系,三年級
地球科學學系三年級,62021GP3028-*,地球科學學系,三年級
地球科學學系三年級,62022GP3034-*,地球科學學系,三年級
地球科學學系三年級,62023GP3036-*,地球科學學系,三年級
地球科學學系三年級,62024GP3053-*,地球科學學系,三年級
地球科學學系三年級,62025GP3063-*,地球科學學系,三年級
地球科學學系三年級,62026GP3072-*,地球科學學系,三年級
地球科學學系三年級,62027GP3085-*,地球科學學系,三年級
地球科學學系三年級,62028GP3088-*,地球科學學系,三年級
地球科學學系三年級,62029GP3096-*,地球科學學系,三年級
地球科學學系三年級,66009HS6063-*,地球科學學系,三年級
地球科學學系四年級,62030GP4010-*,地球科學學系,四年級
地球科學學系四年級,62031GP4024-*,地球科學學系,四年級
地球科學學系四年級,62032GP4070-*,地球科學學系,四年級
地球科學學系四年級,62033GP4088-A,地球科學學系,四年級
地球科學學系四年級,62034GP4088-B,地球科學學系,四年級
地球科學學系四年級,62035GP4090-*,地球科學學系,四年級
地球科學學系四年級,64005AG7044-*,地球科學學系,四年級
地球科學學系四年級,64007AG7051-*,地球科學學系,四年級
地球科學學系四年級,64010AG7072-*,地球科學學系,四年級
地球科學學系四年級,64017AG7104-*,地球科學學系,四年級
地球科學學系四年級,64018AG7106-*,地球科學學系,四年級
地球科學學系四年級,64021AG7111-*,地球科學學系,四年級
地球科學學系四年級,64024AG7117-*,地球科學學系,四年級
地球科學學系四年級,64025AG7125-*,地球科學學系,四年級
地球科學學系四年級,66008HS6048-*,地球科學學系,四年級
地球科學學系四年級,66009HS6063-*,地球科學學系,四年級
地球科學學系四年級,66010HS6074-*,地球科學學系,四年級
地球科學學院學士班不分類,21006MA1002-F,地球科學學院學士班,不分類
地球科學學院學士班不分類,23003CM1008-A,地球科學學院學士班,不分類
地球科學學院學士班不分類,23004CM1008-B,地球科學學院學士班,不分類
地球科學學院學士班不分類,23005CM1010-A,地球科學學院學士班,不分類
地球科學學院學士班不分類,23006CM1010-B,地球科學學院學士班,不分類
地球科學學院學士班不分類,61040AP2101-*,地球科學學院學士班,不分類
地球科學學院學士班不分類,61041AP2102-*,地球科學學院學士班,不分類
地球科學學院學士班不分類,65002GA2004-*,地球科學學院學士班,不分類
地球科學學院學士班不分類,66009HS6063-*,地球科學學院學士班,不分類
地球科學學院學士班一年級,00061LN1004-A,地球科學學院學士班,一年級
地球科學學院學士班一年級,00065LN1004-E,地球科學學院學士班,一年級
地球科學學院學士班一年級,00067LN1004-G,地球科學學院學士班,一年級
地球科學學院學士班一年級,01028PE1022-2,地球科學學院學士班,一年級
地球科學學院學士班一年級,08032SC0004-11,地球科學學院學士班,一年級
地球科學學院學士班一年級,11008CL0133-*,地球科學學院學士班,一年級
地球科學學院學士班一年級,21003MA1002-C,地球科學學院學士班,一年級
地球科學學院學士班一年級,21004MA1002-D,地球科學學院學士班,一年級
地球科學學院學士班一年級,21006MA1002-F,地球科學學院學士班,一年級
地球科學學院學士班一年級,21007MA1004-A,地球科學學院學士班,一年級
地球科學學院學士班一年級,21008MA1004-B,地球科學學院學士班,一年級
地球科學學院學士班一年級,22001PH1004-G,地球科學學院學士班,一年級
地球科學學院學士班一年級,22016PH1032-B,地球科學學院學士班,一年級
地球科學學院學士班二年級,65001GA2002-*,地球科學學院學士班,二年級
地球科學學院學士班三年級,63010SS3004-*,地球科學學院學士班,三年級
地球科學學院學士班三年級,63011SS3005-*,地球科學學院學士班,三年級
地球科學學院學士班三年級,63012SS3010-*,地球科學學院學士班,三年級
地球科學學院學士班三年級,63013SS3011-*,地球科學學院學士班,三年級
地球科學學院學士班三年級,65003GA3002-*,地球科學學院學士班,三年級
地球科學學院學士班四年級,65004GA4002-*,地球科學學院學士班,四年級
太空科學與工程學系不分類,11014CL0148-*,太空科學與工程學系,不分類
太空科學與工程學系不分類,21006MA1002-F,太空科學與工程學系,不分類
太空科學與工程學系不分類,63003SS1011-*,太空科學與工程學系,不分類
太空科學與工程學系不分類,63004SS1012-*,太空科學與工程學系,不分類
太空科學與工程學系不分類,63015SS3025-*,太空科學與工程學系,不分類
太空科學與工程學系一年級,00061LN1004-A,太空科學與工程學系,一年級
太空科學與工程學系一年級,00065LN1004-E,太空科學與工程學系,一年級
太空科學與工程學系一年級,00067LN1004-G,太空科學與工程學系,一年級
太空科學與工程學系一年級,01028PE1022-2,太空科學與工程學系,一年級
太空科學與工程學系一年級,08029SC0004-4,太空科學與工程學系,一年級
太空科學與工程學系一年級,11004CL0127-C,太空科學與工程學系,一年級
太空科學與工程學系一年級,11010CL0137-*,太空科學與工程學系,一年級
太空科學與工程學系一年級,11016CL0151-*,太空科學與工程學系,一年級
太空科學與工程學系一年級,21003MA1002-C,太空科學與工程學系,一年級
太空科學與工程學系一年級,21004MA1002-D,太空科學與工程學系,一年級
太空科學與工程學系一年級,21006MA1002-F,太空科學與工程學系,一年級
太空科學與工程學系一年級,21007MA1004-A,太空科學與工程學系,一年級
太空科學與工程學系一年級,21008MA1004-B,太空科學與工程學系,一年級
太空科學與工程學系一年級,22001PH1004-G,太空科學與工程學系,一年級
太空科學與工程學系一年級,22016PH1032-B,太空科學與工程學系,一年級
太空科學與工程學系一年級,63001SS1003-*,太空科學與工程學系,一年級
太空科學與工程學系一年級,63002SS1005-*,太空科學與工程學系,一年級
太空科學與工程學系二年級,63005SS2004-*,太空科學與工程學系,二年級
太空科學與工程學系二年級,63006SS2006-*,太空科學與工程學系,二年級
太空科學與工程學系二年級,63007SS2008-*,太空科學與工程學系,二年級
太空科學與工程學系二年級,63008SS2013-*,太空科學與工程學系,二年級
太空科學與工程學系二年級,63009SS2014-*,太空科學與工程學系,二年級
太空科學與工程學系三年級,63010SS3004-*,太空科學與工程學系,三年級
太空科學與工程學系三年級,63011SS3005-*,太空科學與工程學系,三年級
太空科學與工程學系三年級,63012SS3010-*,太空科學與工程學系,三年級
太空科學與工程學系三年級,63013SS3011-*,太空科學與工程學系,三年級
太空科學與工程學系三年級,63014SS3018-*,太空科學與工程學系,三年級
太空科學與工程學系三年級,63016SS3035-*,太空科學與工程學系,三年級
太空科學與工程學系三年級,63017SS4020-*,太空科學與工程學系,三年級
客家語文暨社會科學學系不分類,77005HK1014-*,客家語文暨社會科學學系,不分類
客家語文暨社會科學學系不分類,77010HK2014-*,客家語文暨社會科學學系,不分類
客家語文暨社會科學學系不分類,77016HK2038-*,客家語文暨社會科學學系,不分類
客家語文暨社會科學學系不分類,77018HK2046-*,客家語文暨社會科學學系,不分類
客家語文暨社會科學學系不分類,77019HK3021-*,客家語文暨社會科學學系,不分類
客家語文暨社會科學學系不分類,77020HK3022-*,客家語文暨社會科學學系,不分類
客家語文暨社會科學學系不分類,77021HK3029-*,客家語文暨社會科學學系,不分類
客家語文暨社會科學學系不分類,77022HK4021-*,客家語文暨社會科學學系,不分類
客家語文暨社會科學學系不分類,77023HK4022-*,客家語文暨社會科學學系,不分類
客家語文暨社會科學學系不分類,77024HK4045-*,客家語文暨社會科學學系,不分類
客家語文暨社會科學學系一年級,00080LN1008-A,客家語文暨社會科學學系,一年級
客家語文暨社會科學學系一年級,00081LN1008-B,客家語文暨社會科學學系,一年級
客家語文暨社會科學學系一年級,00082LN1008-C,客家語文暨社會科學學系,一年級
客家語文暨社會科學學系一年級,01030PE1022-4,客家語文暨社會科學學系,一年級
客家語文暨社會科學學系一年級,11019CL0201-C,客家語文暨社會科學學系,一年級
客家語文暨社會科學學系一年級,11020CL0201-D,客家語文暨社會科學學系,一年級
客家語文暨社會科學學系一年級,11021CL0201-E,客家語文暨社會科學學系,一年級
客家語文暨社會科學學系一年級,11022CL0201-F,客家語文暨社會科學學系,一年級
客家語文暨社會科學學系一年級,11023CL0201-G,客家語文暨社會科學學系,一年級
客家語文暨社會科學學系一年級,11024CL0201-H,客家語文暨社會科學學系,一年級
客家語文暨社會科學學系一年級,77001HK1002-A,客家語文暨社會科學學系,一年級
客家語文暨社會科學學系一年級,77002HK1002-B,客家語文暨社會科學學系,一年級
客家語文暨社會科學學系一年級,77003HK1006-*,客家語文暨社會科學學系,一年級
客家語文暨社會科學學系一年級,77004HK1010-*,客家語文暨社會科學學系,一年級
客家語文暨社會科學學系一年級,77006HK1015-*,客家語文暨社會科學學系,一年級
客家語文暨社會科學學系一年級,77007HK1020-*,客家語文暨社會科學學系,一年級
客家語文暨社會科學學系二年級,77008HK2002-A,客家語文暨社會科學學系,二年級
客家語文暨社會科學學系二年級,77009HK2002-B,客家語文暨社會科學學系,二年級
客家語文暨社會科學學系二年級,77011HK2022-*,客家語文暨社會科學學系,二年級
客家語文暨社會科學學系二年級,77012HK2024-*,客家語文暨社會科學學系,二年級
客家語文暨社會科學學系二年級,77013HK2032-*,客家語文暨社會科學學系,二年級
客家語文暨社會科學學系二年級,77014HK2033-*,客家語文暨社會科學學系,二年級
客家語文暨社會科學學系二年級,77015HK2037-*,客家語文暨社會科學學系,二年級
客家語文暨社會科學學系二年級,77017HK2040-*,客家語文暨社會科學學系,二年級
客家語文暨社會科學學系(客家社會及政策組)不分類,77005HK1014-*,客家語文暨社會科學學系(客家社會及政策組),不分類
客家語文暨社會科學學系(客家社會及政策組)不分類,77010HK2014-*,客家語文暨社會科學學系(客家社會及政策組),不分類
客家語文暨社會科學學系(客家社會及政策組)不分類,77013HK2032-*,客家語文暨社會科學學系(客家社會及政策組),不分類
客家語文暨社會科學學系(客家社會及政策組)不分類,77016HK2038-*,客家語文暨社會科學學系(客家社會及政策組),不分類
客家語文暨社會科學學系(客家社會及政策組)不分類,77017HK2040-*,客家語文暨社會科學學系(客家社會及政策組),不分類
客家語文暨社會科學學系(客家社會及政策組)不分類,77018HK2046-*,客家語文暨社會科學學系(客家社會及政策組),不分類
客家語文暨社會科學學系(客家社會及政策組)不分類,77018HK2046-*,客家語文暨社會科學學系(客家社會及政策組),不分類
客家語文暨社會科學學系(客家社會及政策組)不分類,77019HK3021-*,客家語文暨社會科學學系(客家社會及政策組),不分類
客家語文暨社會科學學系(客家社會及政策組)不分類,77020HK3022-*,客家語文暨社會科學學系(客家社會及政策組),不分類
客家語文暨社會科學學系(客家社會及政策組)不分類,77021HK3029-*,客家語文暨社會科學學系(客家社會及政策組),不分類
客家語文暨社會科學學系(客家社會及政策組)不分類,77023HK4022-*,客家語文暨社會科學學系(客家社會及政策組),不分類
客家語文暨社會科學學系(客家社會及政策組)不分類,77024HK4045-*,客家語文暨社會科學學系(客家社會及政策組),不分類
客家語文暨社會科學學系(客家社會及政策組)二年級,77014HK2033-*,客家語文暨社會科學學系(客家社會及政策組),二年級
客家語文暨社會科學學系(客家社會及政策組)二年級,77015HK2037-*,客家語文暨社會科學學系(客家社會及政策組),二年級
客家語文暨社會科學學系(客家語文及傳播組)不分類,77005HK1014-*,客家語文暨社會科學學系(客家語文及傳播組),不分類
客家語文暨社會科學學系(客家語文及傳播組)不分類,77010HK2014-*,客家語文暨社會科學學系(客家語文及傳播組),不分類
客家語文暨社會科學學系(客家語文及傳播組)不分類,77013HK2032-*,客家語文暨社會科學學系(客家語文及傳播組),不分類
客家語文暨社會科學學系(客家語文及傳播組)不分類,77016HK2038-*,客家語文暨社會科學學系(客家語文及傳播組),不分類
客家語文暨社會科學學系(客家語文及傳播組)不分類,77017HK2040-*,客家語文暨社會科學學系(客家語文及傳播組),不分類
客家語文暨社會科學學系(客家語文及傳播組)不分類,77019HK3021-*,客家語文暨社會科學學系(客家語文及傳播組),不分類
客家語文暨社會科學學系(客家語文及傳播組)不分類,77020HK3022-*,客家語文暨社會科學學系(客家語文及傳播組),不分類
客家語文暨社會科學學系(客家語文及傳播組)不分類,77023HK4022-*,客家語文暨社會科學學系(客家語文及傳播組),不分類
客家語文暨社會科學學系(客家語文及傳播組)不分類,77024HK4045-*,客家語文暨社會科學學系(客家語文及傳播組),不分類
客家語文暨社會科學學系(客家語文及傳播組)二年級,77011HK2022-*,客家語文暨社會科學學系(客家語文及傳播組),二年級
客家語文暨社會科學學系(客家語文及傳播組)二年級,77012HK2024-*,客家語文暨社會科學學系(客家語文及傳播組),二年級
生命科學系不分類,21006MA1002-F,生命科學系,不分類
生命科學系不分類,24002LS1004-*,生命科學系,不分類
生命科學系不分類,24003LS1006-*,生命科學系,不分類
生命科學系不分類,24010LS2016-*,生命科學系,不分類
生命科學系不分類,24022LS5016-*,生命科學系,不分類
生命科學系不分類,24028LS5073-*,生命科學系,不分類
生命科學系不分類,24031LS5100-*,生命科學系,不分類
生命科學系不分類,24045LS7000-*,生命科學系,不分類
生命科學系不分類,24055LS4020-*,生命科學系,不分類
生命科學系一年級,00062LN1004-B,生命科學系,一年級
生命科學系一年級,00063LN1004-C,生命科學系,一年級
生命科學系一年級,00064LN1004-D,生命科學系,一年級
生命科學系一年級,00066LN1004-F,生命科學系,一年級
生命科學系一年級,00068LN1004-H,生命科學系,一年級
生命科學系一年級,00069LN1004-I,生命科學系,一年級
生命科學系一年級,00070LN1004-J,生命科學系,一年級
生命科學系一年級,01016PE1022-P,生命科學系,一年級
生命科學系一年級,11002CL0127-A,生命科學系,一年級
生命科學系一年級,11006CL0131-*,生命科學系,一年級
生命科學系一年級,11009CL0134-*,生命科學系,一年級
生命科學系一年級,11011CL0139-*,生命科學系,一年級
生命科學系一年級,21003MA1002-C,生命科學系,一年級
生命科學系一年級,21004MA1002-D,生命科學系,一年級
生命科學系一年級,21006MA1002-F,生命科學系,一年級
生命科學系一年級,22028PH1038-*,生命科學系,一年級
生命科學系一年級,23003CM1008-A,生命科學系,一年級
生命科學系一年級,23004CM1008-B,生命科學系,一年級
生命科學系一年級,23005CM1010-A,生命科學系,一年級
生命科學系一年級,23006CM1010-B,生命科學系,一年級
生命科學系一年級,24001LS1002-*,生命科學系,一年級
生命科學系一年級,24002LS1004-*,生命科學系,一年級
生命科學系一年級,24005LS1020-*,生命科學系,一年級
生命科學系二年級,24006LS2002-*,生命科學系,二年級
生命科學系二年級,24007LS2004-*,生命科學系,二年級
生命科學系二年級,24008LS2006-*,生命科學系,二年級
生命科學系二年級,24009LS2014-*,生命科學系,二年級
生命科學系二年級,24012LS3001-*,生命科學系,二年級
生命科學系二年級,24030LS5094-*,生命科學系,二年級
生命科學系二年級,24054LS6136-*,生命科學系,二年級
生命科學系三年級,24006LS2002-*,生命科學系,三年級
生命科學系三年級,24007LS2004-*,生命科學系,三年級
生命科學系三年級,24011LS2020-*,生命科學系,三年級
生命科學系三年級,24013LS3016-*,生命科學系,三年級
生命科學系三年級,24014LS3018-*,生命科學系,三年級
生命科學系三年級,24015LS3020-*,生命科學系,三年級
生命科學系三年級,24016LS3036-*,生命科學系,三年級
生命科學系三年級,24019LS4005-A,生命科學系,三年級
生命科學系三年級,24020LS4005-B,生命科學系,三年級
生命科學系三年級,24021LS4005-C,生命科學系,三年級
生命科學系三年級,24023LS5024-*,生命科學系,三年級
生命科學系三年級,24024LS5038-*,生命科學系,三年級
生命科學系三年級,24025LS5040-*,生命科學系,三年級
生命科學系三年級,24026LS5055-*,生命科學系,三年級
生命科學系三年級,24027LS5070-*,生命科學系,三年級
生命科學系三年級,24029LS5090-*,生命科學系,三年級
生命科學系三年級,24030LS5094-*,生命科學系,三年級
生命科學系三年級,24036LS6024-*,生命科學系,三年級
生命科學系三年級,24037LS6120-*,生命科學系,三年級
生命科學系三年級,24038LS6122-*,生命科學系,三年級
生命科學系三年級,24039LS6124-*,生命科學系,三年級
生命科學系三年級,24040LS6126-*,生命科學系,三年級
生命科學系三年級,24041LS6128-*,生命科學系,三年級
生命科學系三年級,24042LS6130-*,生命科學系,三年級
生命科學系三年級,24043LS6132-*,生命科學系,三年級
生命科學系三年級,24044LS6134-*,生命科學系,三年級
生命科學系三年級,24051LS7016-*,生命科學系,三年級
生命科學系三年級,24052LS7021-*,生命科學系,三年級
生命科學系三年級,24054LS6136-*,生命科學系,三年級
生命科學系四年級,24006LS2002-*,生命科學系,四年級
生命科學系四年級,24007LS2004-*,生命科學系,四年級
生命科學系四年級,24013LS3016-*,生命科學系,四年級
生命科學系四年級,24017LS4002-A,生命科學系,四年級
生命科學系四年級,24018LS4002-B,生命科學系,四年級
生命科學系四年級,24019LS4005-A,生命科學系,四年級
生命科學系四年級,24020LS4005-B,生命科學系,四年級
生命科學系四年級,24021LS4005-C,生命科學系,四年級
生命科學系四年級,24023LS5024-*,生命科學系,四年級
生命科學系四年級,24024LS5038-*,生命科學系,四年級
生命科學系四年級,24025LS5040-*,生命科學系,四年級
生命科學系四年級,24026LS5055-*,生命科學系,四年級
生命科學系四年級,24027LS5070-*,生命科學系,四年級
生命科學系四年級,24029LS5090-*,生命科學系,四年級
生命科學系四年級,24030LS5094-*,生命科學系,四年級
生命科學系四年級,24032LS6006-A,生命科學系,四年級
生命科學系四年級,24033LS6006-B,生命科學系,四年級
生命科學系四年級,24036LS6024-*,生命科學系,四年級
生命科學系四年級,24037LS6120-*,生命科學系,四年級
生命科學系四年級,24038LS6122-*,生命科學系,四年級
生命科學系四年級,24039LS6124-*,生命科學系,四年級
生命科學系四年級,24040LS6126-*,生命科學系,四年級
生命科學系四年級,24041LS6128-*,生命科學系,四年級
生命科學系四年級,24042LS6130-*,生命科學系,四年級
生命科學系四年級,24043LS6132-*,生命科學系,四年級
生命科學系四年級,24044LS6134-*,生命科學系,四年級
生命科學系四年級,24051LS7016-*,生命科學系,四年級
生命科學系四年級,24052LS7021-*,生命科學系,四年級
生命科學系四年級,24054LS6136-*,生命科學系,四年級
生醫科學與工程學系不分類,21006MA1002-F,生醫科學與工程學系,不分類
生醫科學與工程學系不分類,85006BM2031-*,生醫科學與工程學系,不分類
生醫科學與工程學系不分類,85011BM2041-*,生醫科學與工程學系,不分類
生醫科學與工程學系不分類,85014BM2045-*,生醫科學與工程學系,不分類
生醫科學與工程學系不分類,85018BM3034-*,生醫科學與工程學系,不分類
生醫科學與工程學系一年級,00047LN1002-E,生醫科學與工程學系,一年級
生醫科學與工程學系一年級,00052LN1002-J,生醫科學與工程學系,一年級
生醫科學與工程學系一年級,00053LN1002-K,生醫科學與工程學系,一年級
生醫科學與工程學系一年級,00057LN1002-O,生醫科學與工程學系,一年級
生醫科學與工程學系一年級,00058LN1002-P,生醫科學與工程學系,一年級
生醫科學與工程學系一年級,01027PE1022-1,生醫科學與工程學系,一年級
生醫科學與工程學系一年級,11002CL0127-A,生醫科學與工程學系,一年級
生醫科學與工程學系一年級,11006CL0131-*,生醫科學與工程學系,一年級
生醫科學與工程學系一年級,11009CL0134-*,生醫科學與工程學系,一年級
生醫科學與工程學系一年級,11011CL0139-*,生醫科學與工程學系,一年級
生醫科學與工程學系一年級,21003MA1002-C,生醫科學與工程學系,一年級
生醫科學與工程學系一年級,21004MA1002-D,生醫科學與工程學系,一年級
生醫科學與工程學系一年級,21006MA1002-F,生醫科學與工程學系,一年級
生醫科學與工程學系一年級,22022PH1032-H,生醫科學與工程學系,一年級
生醫科學與工程學系一年級,23003CM1008-A,生醫科學與工程學系,一年級
生醫科學與工程學系一年級,23004CM1008-B,生醫科學與工程學系,一年級
生醫科學與工程學系一年級,23005CM1010-A,生醫科學與工程學系,一年級
生醫科學與工程學系一年級,23006CM1010-B,生醫科學與工程學系,一年級
生醫科學與工程學系一年級,85001BM1009-*,生醫科學與工程學系,一年級
生醫科學與工程學系一年級,85002BM1010-*,生醫科學與工程學系,一年級
生醫科學與工程學系一年級,85003BM1011-*,生醫科學與工程學系,一年級
生醫科學與工程學系一年級,85007BM2035-*,生醫科學與工程學系,一年級
生醫科學與工程學系二年級,85004BM2011-*,生醫科學與工程學系,二年級
生醫科學與工程學系二年級,85005BM2013-*,生醫科學與工程學系,二年級
生醫科學與工程學系二年級,85008BM2037-*,生醫科學與工程學系,二年級
生醫科學與工程學系二年級,85009BM2039-*,生醫科學與工程學系,二年級
生醫科學與工程學系二年級,85010BM2040-*,生醫科學與工程學系,二年級
生醫科學與工程學系二年級,85012BM2042-*,生醫科學與工程學系,二年級
生醫科學與工程學系二年級,85013BM2043-*,生醫科學與工程學系,二年級
生醫科學與工程學系三年級,85015BM3006-*,生醫科學與工程學系,三年級
生醫科學與工程學系三年級,85016BM3022-*,生醫科學與工程學系,三年級
生醫科學與工程學系三年級,85017BM3029-*,生醫科學與工程學系,三年級
生醫科學與工程學系三年級,85019BM4003-*,生醫科學與工程學系,三年級
永續與綠能科技研究學院不分類,80001SA5002-*,永續與綠能科技研究學院,不分類
永續與綠能科技研究學院不分類,80002SA5008-*,永續與綠能科技研究學院,不分類
永續與綠能科技研究學院不分類,80003SA5010-*,永續與綠能科技研究學院,不分類
永續與綠能科技研究學院不分類,80004SA5012-*,永續與綠能科技研究學院,不分類
永續與綠能科技研究學院不分類,80005SA5013-*,永續與綠能科技研究學院,不分類
永續與綠能科技研究學院不分類,80006SA5015-*,永續與綠能科技研究學院,不分類
永續與綠能科技研究學院不分類,80007SA5016-*,永續與綠能科技研究學院,不分類
永續與綠能科技研究學院不分類,80008SA5017-*,永續與綠能科技研究學院,不分類
永續與綠能科技研究學院不分類,80009SA5018-*,永續與綠能科技研究學院,不分類
永續與綠能科技研究學院不分類,80010SA5019-*,永續與綠能科技研究學院,不分類
永續與綠能科技研究學院不分類,80011SA5032-*,永續與綠能科技研究學院,不分類
永續與綠能科技研究學院不分類,80012SA5033-*,永續與綠能科技研究學院,不分類
永續與綠能科技研究學院不分類,80013SA5034-*,永續與綠能科技研究學院,不分類
永續與綠能科技研究學院不分類,80014SA5035-*,永續與綠能科技研究學院,不分類
永續與綠能科技研究學院不分類,80015SA5036-*,永續與綠能科技研究學院,不分類
永續與綠能科技研究學院不分類,80016SA5037-*,永續與綠能科技研究學院,不分類
永續與綠能科技研究學院不分類,80017SA5038-*,永續與綠能科技研究學院,不分類
永續與綠能科技研究學院不分類,80018SA5039-*,永續與綠能科技研究學院,不分類
